match_id,season,match_round,match_date,kickoff_time,kickoff_type,home_club_id,home_club_name,home_city,home_canton,venue,total_capacity,away_club_id,away_club_name,opponent_tier,rival_match,head_to_head_home_winrate,home_form_score,away_form_score,star_player_announced,star_power_index,match_stakes,qualification_stakes_score,weather_severity_score,competing_event_penalty,is_school_holiday,marketing_activation_score,dominant_segment,attribute_wtp_score,season_multiplier,round_position_multiplier,overall_fill_rate,total_tickets_sold,total_revenue_chf,revpas,base_price_standing,base_price_upper_standard,base_price_lower_bowl,base_price_courtside_vip,booking_curve_archetype,velocity_T30,velocity_T14,velocity_T7,secondary_premium_pct,price_delta_secondary_chf,home_goals,away_goals,home_win,league_position_home,league_position_away,points_home,points_away,sold_Courtside VIP,fill_Courtside VIP,sold_Lower Bowl / Club Seats,fill_Lower Bowl / Club Seats,sold_Upper Standard,fill_Upper Standard,sold_Standing,fill_Standing
WIN2_2021_R01_RTV,2021-22,1,2021-09-04,19:30,Saturday evening,WIN2,Pfadi Winterthur,Winterthur,ZH,Sportpark Deutweg,2000,RTV,RTV Basel,Elite,False,0.39,0.5,0.5,True,2.09,Group,1,1,0.0,False,0.46,Value Loyalist,0.36,0.85,1.08,0.718,1430,55463,27.73,18,32,58,85,Flat,0.39,0.69,0.87,0.34,16.4,27,28,False,9,1,0,2,123,0.769,361,0.722,503,0.719,443,0.692
THU_2021_R01_GC,2021-22,1,2021-09-04,19:30,Saturday evening,THU,TSV Oftringen,Oftringen,AG,Athletik Zentrum Oftringen,1600,GC,Grasshopper Club Zürich,Elite,False,0.46,0.5,0.5,True,1.85,Group,1,0,0.0,False,0.6,Occasional Neutral,0.36,0.85,1.08,0.765,1191,46162,28.85,18,32,58,85,Early Surge,0.33,0.87,0.96,0.241,11.6,23,18,True,2,4,2,0,104,0.812,299,0.748,414,0.739,374,0.73
LUZ_2021_R01_KAD,2021-22,1,2021-09-04,17:00,Saturday afternoon,LUZ,STV Willisau,Willisau,LU,Dreifachhalle Willisau,1800,KAD,Kadetten Schaffhausen,Competitive,False,0.37,0.5,0.5,True,0.23,Group,1,0,0.0,False,0.65,Occasional Neutral,0.25,0.85,1.08,0.595,1053,40895,22.72,18,32,58,85,Consistent Gradual,0.21,0.65,0.83,0.108,5.2,29,30,False,8,2,0,2,87,0.604,274,0.609,368,0.584,324,0.562
HSC_2021_R01_WIN,2021-22,1,2021-09-04,19:30,Saturday evening,HSC,HSC Suhr Aarau,Aarau,AG,Swiss Arena Bubble,2600,WIN,TV Winterthur,Competitive,False,0.37,0.5,0.5,True,1.43,Group,1,1,0.0,False,0.64,Atmosphere Seeker,0.25,0.85,1.08,0.692,1793,69079,26.57,18,32,58,85,Consistent Gradual,0.23,0.65,0.85,0.209,10.1,33,32,True,3,7,2,0,149,0.716,449,0.691,633,0.696,562,0.675
THG_2021_R01_BSV,2021-22,1,2021-09-05,16:00,Sunday afternoon,THG,Handball Thurgau,Kreuzlingen,TG,Bodenseearena,1500,BSV,BSV Bern,Elite,False,0.46,0.5,0.5,True,1.25,Group,1,0,0.0,False,0.29,Occasional Neutral,0.36,0.85,1.08,0.676,992,38399,25.6,18,32,58,85,Flat,0.37,0.71,0.84,0.21,10.1,29,28,True,5,6,2,0,85,0.708,248,0.661,352,0.67,307,0.64
BSV_2021_R02_WIN2,2021-22,2,2021-09-08,19:30,Weekday evening,BSV,BSV Bern,Bern,BE,PostFinance Arena (Handball Hall),3800,WIN2,Pfadi Winterthur,Competitive,False,0.59,0.4,0.4,True,2.0,Group,1,1,0.0,False,0.55,Premium Seeker,0.25,0.85,1.08,0.747,2810,109272,28.76,18,32,58,85,Consistent Gradual,0.22,0.65,0.85,0.146,7.1,21,23,False,7,5,0,2,234,0.77,725,0.763,1001,0.753,850,0.699
THG_2021_R02_THU,2021-22,2,2021-09-11,19:30,Saturday evening,THG,Handball Thurgau,Kreuzlingen,TG,Bodenseearena,1500,THU,TSV Oftringen,Standard,False,0.5,0.6,0.6,False,0.0,Group,1,0,0.0,False,0.31,Occasional Neutral,0.0,0.85,1.08,0.396,574,22281,14.85,18,32,58,85,Flat,0.38,0.69,0.84,0.044,2.1,29,28,True,1,5,4,2,49,0.408,147,0.392,199,0.379,179,0.373
KAD_2021_R02_WIN,2021-22,2,2021-09-11,19:30,Saturday evening,KAD,Kadetten Schaffhausen,Schaffhausen,SH,Kammgarnhalle,2800,WIN,TV Winterthur,Competitive,True,0.35,0.6,0.4,True,0.78,Group,1,0,0.0,False,0.8,Atmosphere Seeker,0.25,0.85,1.08,0.896,2491,97118,34.69,18,32,58,85,Early Surge,0.34,0.85,0.95,0.346,16.7,29,20,True,1,9,4,0,216,0.964,640,0.914,872,0.891,763,0.852
RTV_2021_R02_LUZ,2021-22,2,2021-09-12,16:00,Sunday afternoon,RTV,RTV Basel,Basel,BS,St. Jakobshalle,4200,LUZ,STV Willisau,Standard,False,0.34,0.6,0.4,True,1.34,Group,1,0,0.0,False,0.12,Value Loyalist,0.15,0.85,1.08,0.751,3116,120064,28.59,18,32,58,85,Flat,0.37,0.69,0.85,0.188,9.1,31,32,False,3,5,2,2,258,0.768,777,0.74,1115,0.759,966,0.719
GC_2021_R02_HSC,2021-22,2,2021-09-12,16:00,Sunday afternoon,GC,Grasshopper Club Zürich,Zürich,ZH,Sporthalle Deutweg,3200,HSC,HSC Suhr Aarau,Competitive,False,0.34,0.4,0.6,True,1.07,Group,1,1,0.0,False,0.61,Premium Seeker,0.25,0.85,1.08,0.687,2167,84025,26.26,18,32,58,85,Consistent Gradual,0.21,0.63,0.85,0.126,6.1,29,28,True,4,5,2,2,183,0.715,561,0.701,737,0.658,686,0.67
THU_2021_R03_BSV,2021-22,3,2021-09-18,19:30,Saturday evening,THU,TSV Oftringen,Oftringen,AG,Athletik Zentrum Oftringen,1600,BSV,BSV Bern,Elite,False,0.65,0.48,0.32,True,1.15,Group,1,0,0.0,False,0.39,Occasional Neutral,0.36,0.85,1.08,0.656,1031,40166,25.1,18,32,58,85,Flat,0.37,0.68,0.85,0.278,13.4,27,20,True,2,9,4,0,86,0.672,267,0.667,369,0.659,309,0.604
LUZ_2021_R03_WIN2,2021-22,3,2021-09-18,19:30,Saturday evening,LUZ,STV Willisau,Willisau,LU,Dreifachhalle Willisau,1800,WIN2,Pfadi Winterthur,Competitive,False,0.4,0.52,0.52,True,0.75,Group,1,0,0.12,False,0.36,Occasional Neutral,0.25,0.85,1.08,0.581,1023,39499,21.94,18,32,58,85,Consistent Gradual,0.22,0.64,0.84,0.17,8.2,28,29,False,8,3,2,4,87,0.604,254,0.564,364,0.578,318,0.552
HSC_2021_R03_THG,2021-22,3,2021-09-18,19:30,Saturday evening,HSC,HSC Suhr Aarau,Aarau,AG,Swiss Arena Bubble,2600,THG,Handball Thurgau,Standard,False,0.7,0.48,0.68,True,0.65,Group,1,0,0.0,False,0.21,Atmosphere Seeker,0.15,0.85,1.08,0.624,1597,61953,23.83,18,32,58,85,Flat,0.38,0.68,0.87,0.147,7.1,26,27,False,7,1,2,6,135,0.649,407,0.626,563,0.619,492,0.591
WIN_2021_R03_RTV,2021-22,3,2021-09-18,19:30,Saturday evening,WIN,TV Winterthur,Winterthur,ZH,Eulachpark,2200,RTV,RTV Basel,Elite,False,0.56,0.32,0.48,True,1.74,Group,1,0,0.0,False,0.37,Value Loyalist,0.36,0.85,1.08,0.779,1679,64817,29.46,18,32,58,85,Early Surge,0.33,0.88,0.97,0.296,14.3,34,35,False,10,2,0,4,143,0.812,422,0.767,581,0.755,533,0.757
KAD_2021_R03_GC,2021-22,3,2021-09-18,19:30,Saturday evening,KAD,Kadetten Schaffhausen,Schaffhausen,SH,Kammgarnhalle,2800,GC,Grasshopper Club Zürich,Elite,True,0.46,0.68,0.52,True,2.07,Group,1,0,0.0,False,0.64,Atmosphere Seeker,0.36,0.85,1.08,1.0,2761,106102,37.89,18,32,58,85,Early Surge,0.35,0.87,0.98,0.53,25.6,24,29,False,4,3,4,4,224,1.0,694,0.991,974,0.995,869,0.97
BSV_2021_R04_LUZ,2021-22,4,2021-09-25,19:30,Saturday evening,BSV,BSV Bern,Bern,BE,PostFinance Arena (Handball Hall),3800,LUZ,STV Willisau,Standard,False,0.45,0.26,0.42,True,1.15,Group,1,1,0.0,False,0.62,Premium Seeker,0.15,0.85,1.0,0.693,2576,100675,26.49,18,32,58,85,Flat,0.38,0.71,0.86,0.172,8.3,28,29,False,9,5,0,4,225,0.74,663,0.698,908,0.683,780,0.641
THU_2021_R04_HSC,2021-22,4,2021-09-25,19:30,Saturday evening,THU,TSV Oftringen,Oftringen,AG,Athletik Zentrum Oftringen,1600,HSC,HSC Suhr Aarau,Competitive,True,0.7,0.58,0.38,True,0.65,Group,1,1,0.0,False,0.56,Occasional Neutral,0.25,0.85,1.0,0.703,1114,43157,26.97,18,32,58,85,Consistent Gradual,0.23,0.66,0.86,0.284,13.7,29,18,True,1,8,6,2,91,0.711,288,0.72,392,0.7,343,0.67
WIN2_2021_R04_WIN,2021-22,4,2021-09-25,19:30,Saturday evening,WIN2,Pfadi Winterthur,Winterthur,ZH,Sportpark Deutweg,2000,WIN,TV Winterthur,Competitive,True,0.54,0.62,0.26,True,1.53,Group,1,0,0.0,False,0.37,Value Loyalist,0.25,0.85,1.0,0.649,1280,49703,24.85,18,32,58,85,Consistent Gradual,0.24,0.64,0.86,0.248,12.0,29,32,False,7,8,4,2,107,0.669,333,0.666,441,0.63,399,0.623
THG_2021_R04_KAD,2021-22,4,2021-09-25,19:30,Saturday evening,THG,Handball Thurgau,Kreuzlingen,TG,Bodenseearena,1500,KAD,Kadetten Schaffhausen,Competitive,False,0.63,0.74,0.54,False,0.0,Group,1,1,0.0,False,0.25,Occasional Neutral,0.1,0.85,1.0,0.398,595,23103,15.4,18,32,58,85,Flat,0.39,0.7,0.83,0.035,1.7,21,20,True,1,5,8,4,51,0.425,153,0.408,204,0.389,187,0.39
RTV_2021_R04_GC,2021-22,4,2021-09-26,16:00,Sunday afternoon,RTV,RTV Basel,Basel,BS,St. Jakobshalle,4200,GC,Grasshopper Club Zürich,Elite,True,0.45,0.58,0.62,True,2.81,Group,1,1,0.0,False,0.57,Value Loyalist,0.36,0.85,1.0,1.0,4085,157498,37.5,18,32,58,85,Early Surge,0.31,0.88,0.97,0.515,24.8,23,24,False,4,2,4,6,328,0.976,1050,1.0,1428,0.971,1279,0.952
HSC_2021_R05_BSV,2021-22,5,2021-10-02,17:00,Saturday afternoon,HSC,HSC Suhr Aarau,Aarau,AG,Swiss Arena Bubble,2600,BSV,BSV Bern,Elite,True,0.48,0.31,0.2,True,1.91,Group,1,1,0.0,False,0.44,Atmosphere Seeker,0.36,0.85,1.0,0.953,2460,94956,36.52,18,32,58,85,Early Surge,0.34,0.87,0.95,0.52,25.1,26,27,False,10,8,2,2,202,0.971,623,0.958,873,0.96,762,0.916
WIN_2021_R05_LUZ,2021-22,5,2021-10-02,17:00,Saturday afternoon,WIN,TV Winterthur,Winterthur,ZH,Eulachpark,2200,LUZ,STV Willisau,Standard,False,0.66,0.4,0.53,True,0.78,Group,1,2,0.0,False,0.34,Value Loyalist,0.15,0.85,1.0,0.55,1188,45693,20.77,18,32,58,85,Flat,0.36,0.69,0.87,0.198,9.6,32,20,True,6,7,4,4,99,0.562,297,0.54,414,0.538,378,0.537
KAD_2021_R05_THU,2021-22,5,2021-10-02,19:30,Saturday evening,KAD,Kadetten Schaffhausen,Schaffhausen,SH,Kammgarnhalle,2800,THU,TSV Oftringen,Standard,False,0.65,0.44,0.67,False,0.0,Group,1,0,0.08,False,0.5,Atmosphere Seeker,0.0,0.85,1.0,0.444,1213,47144,16.84,18,32,58,85,Flat,0.37,0.68,0.87,0.065,3.1,32,16,True,3,4,6,6,102,0.455,310,0.443,434,0.443,367,0.41
GC_2021_R05_WIN2,2021-22,5,2021-10-02,19:30,Saturday evening,GC,Grasshopper Club Zürich,Zürich,ZH,Sporthalle Deutweg,3200,WIN2,Pfadi Winterthur,Competitive,False,0.43,0.69,0.49,True,2.6,Group,1,1,0.08,False,0.21,Premium Seeker,0.25,0.85,1.0,0.675,2122,82799,25.87,18,32,58,85,Consistent Gradual,0.22,0.65,0.85,0.169,8.2,18,25,False,2,5,6,6,179,0.699,551,0.689,755,0.674,637,0.622
RTV_2021_R05_THG,2021-22,5,2021-10-02,19:30,Saturday evening,RTV,RTV Basel,Basel,BS,St. Jakobshalle,4200,THG,Handball Thurgau,Standard,False,0.64,0.47,0.8,True,1.34,Group,1,1,0.0,False,0.57,Value Loyalist,0.15,0.85,1.0,0.748,3028,117703,28.02,18,32,58,85,Flat,0.39,0.7,0.85,0.156,7.5,22,24,False,6,1,4,10,263,0.783,766,0.73,1067,0.726,932,0.693
BSV_2021_R06_WIN,2021-22,6,2021-10-09,19:30,Saturday evening,BSV,BSV Bern,Bern,BE,PostFinance Arena (Handball Hall),3800,WIN,TV Winterthur,Competitive,False,0.64,0.36,0.52,True,1.33,Group,1,1,0.05,True,0.33,Premium Seeker,0.25,0.85,1.0,0.682,2573,100049,26.33,18,32,58,85,Consistent Gradual,0.22,0.65,0.84,0.136,6.6,28,25,True,6,8,4,4,223,0.734,658,0.693,891,0.67,801,0.659
HSC_2021_R06_KAD,2021-22,6,2021-10-09,19:30,Saturday evening,HSC,HSC Suhr Aarau,Aarau,AG,Swiss Arena Bubble,2600,KAD,Kadetten Schaffhausen,Competitive,False,0.34,0.25,0.55,True,0.88,Group,1,2,0.08,True,0.5,Atmosphere Seeker,0.25,0.85,1.0,0.555,1425,55329,21.28,18,32,58,85,Consistent Gradual,0.24,0.63,0.85,0.145,7.0,31,30,True,9,3,4,6,121,0.582,365,0.562,498,0.548,441,0.53
THU_2021_R06_RTV,2021-22,6,2021-10-09,19:30,Saturday evening,THU,TSV Oftringen,Oftringen,AG,Athletik Zentrum Oftringen,1600,RTV,RTV Basel,Elite,False,0.48,0.53,0.37,True,0.96,Group,1,0,0.0,True,0.31,Occasional Neutral,0.36,0.85,1.0,0.76,1201,46693,29.18,18,32,58,85,Early Surge,0.31,0.84,0.98,0.232,11.2,24,30,False,5,2,6,6,101,0.789,310,0.775,422,0.754,368,0.719
WIN2_2021_R06_THG,2021-22,6,2021-10-09,19:30,Saturday evening,WIN2,Pfadi Winterthur,Winterthur,ZH,Sportpark Deutweg,2000,THG,Handball Thurgau,Standard,False,0.44,0.59,0.84,True,0.75,Group,1,0,0.05,True,0.47,Value Loyalist,0.15,0.85,1.0,0.563,1106,43167,21.58,18,32,58,85,Flat,0.39,0.71,0.87,0.121,5.9,24,28,False,6,1,6,12,95,0.594,289,0.578,381,0.544,341,0.533
LUZ_2021_R06_GC,2021-22,6,2021-10-10,16:00,Sunday afternoon,LUZ,STV Willisau,Willisau,LU,Dreifachhalle Willisau,1800,GC,Grasshopper Club Zürich,Elite,False,0.37,0.43,0.55,True,1.85,Group,1,1,0.0,True,0.12,Occasional Neutral,0.36,0.85,1.0,0.582,1026,39603,22.0,18,32,58,85,Flat,0.39,0.68,0.85,0.237,11.4,29,26,True,5,3,6,6,89,0.618,254,0.564,358,0.568,325,0.564
KAD_2021_R07_BSV,2021-22,7,2021-10-16,19:30,Saturday evening,KAD,Kadetten Schaffhausen,Schaffhausen,SH,Kammgarnhalle,2800,BSV,BSV Bern,Elite,False,0.62,0.44,0.49,True,1.48,Group,1,1,0.0,True,0.27,Atmosphere Seeker,0.36,0.85,1.0,0.811,2234,86850,31.02,18,32,58,85,Early Surge,0.31,0.84,0.95,0.299,14.4,24,27,False,5,2,6,6,192,0.857,571,0.816,781,0.798,690,0.77
GC_2021_R07_WIN,2021-22,7,2021-10-16,19:30,Saturday evening,GC,Grasshopper Club Zürich,Zürich,ZH,Sporthalle Deutweg,3200,WIN,TV Winterthur,Competitive,False,0.64,0.44,0.42,True,1.84,Group,1,1,0.0,True,0.31,Premium Seeker,0.25,0.85,1.0,0.644,2006,77379,24.18,18,32,58,85,Consistent Gradual,0.21,0.66,0.83,0.157,7.6,33,32,True,2,9,8,4,171,0.668,500,0.625,701,0.626,634,0.619
RTV_2021_R07_HSC,2021-22,7,2021-10-16,19:30,Saturday evening,RTV,RTV Basel,Basel,BS,St. Jakobshalle,4200,HSC,HSC Suhr Aarau,Competitive,False,0.61,0.5,0.4,True,1.03,Group,1,1,0.0,True,0.71,Value Loyalist,0.25,0.85,1.0,0.733,2999,117129,27.89,18,32,58,85,Consistent Gradual,0.23,0.64,0.86,0.139,6.7,24,25,False,4,6,6,6,263,0.783,771,0.734,1049,0.714,916,0.682
THG_2021_R07_LUZ,2021-22,7,2021-10-16,19:30,Saturday evening,THG,Handball Thurgau,Kreuzlingen,TG,Bodenseearena,1500,LUZ,STV Willisau,Standard,False,0.59,0.87,0.54,False,0.0,Group,1,2,0.0,True,0.4,Occasional Neutral,0.0,0.85,1.0,0.302,443,17049,11.37,18,32,58,85,Flat,0.39,0.7,0.84,0.051,2.5,23,23,False,1,3,13,7,37,0.308,111,0.296,154,0.293,141,0.294
WIN2_2021_R07_THU,2021-22,7,2021-10-17,16:00,Sunday afternoon,WIN2,Pfadi Winterthur,Winterthur,ZH,Sportpark Deutweg,2000,THU,TSV Oftringen,Standard,False,0.6,0.48,0.43,True,0.75,Group,1,1,0.08,True,0.3,Value Loyalist,0.15,0.85,1.0,0.412,815,31722,15.86,18,32,58,85,Flat,0.39,0.69,0.84,0.152,7.3,22,23,False,9,3,6,8,70,0.438,210,0.42,283,0.404,252,0.394
BSV_2021_R08_GC,2021-22,8,2021-10-23,19:30,Saturday evening,BSV,BSV Bern,Bern,BE,PostFinance Arena (Handball Hall),3800,GC,Grasshopper Club Zürich,Elite,False,0.62,0.59,0.55,True,3.1,Group,1,0,0.05,False,0.62,Premium Seeker,0.36,0.85,1.0,0.819,3050,117936,31.04,18,32,58,85,Early Surge,0.31,0.85,0.95,0.296,14.3,21,20,True,2,3,8,8,264,0.868,755,0.795,1082,0.814,949,0.78
KAD_2021_R08_RTV,2021-22,8,2021-10-23,19:30,Saturday evening,KAD,Kadetten Schaffhausen,Schaffhausen,SH,Kammgarnhalle,2800,RTV,RTV Basel,Elite,False,0.64,0.35,0.4,True,1.57,Group,1,0,0.0,False,0.46,Atmosphere Seeker,0.36,0.85,1.0,0.734,2035,79344,28.34,18,32,58,85,Flat,0.38,0.68,0.86,0.315,15.2,25,25,False,6,5,7,7,176,0.786,527,0.753,703,0.718,629,0.702
HSC_2021_R08_WIN2,2021-22,8,2021-10-23,19:30,Saturday evening,HSC,HSC Suhr Aarau,Aarau,AG,Swiss Arena Bubble,2600,WIN2,Pfadi Winterthur,Competitive,False,0.41,0.52,0.38,True,1.4,Group,1,1,0.0,False,0.61,Atmosphere Seeker,0.25,0.85,1.0,0.621,1602,62236,23.94,18,32,58,85,Consistent Gradual,0.24,0.63,0.83,0.136,6.6,18,27,False,9,5,6,8,138,0.663,411,0.632,551,0.606,502,0.603
LUZ_2021_R08_THU,2021-22,8,2021-10-23,19:30,Saturday evening,LUZ,STV Willisau,Willisau,LU,Dreifachhalle Willisau,1800,THU,TSV Oftringen,Standard,True,0.6,0.53,0.54,False,0.0,Group,1,2,0.0,False,0.64,Occasional Neutral,0.0,0.85,1.0,0.515,916,35865,19.93,18,32,58,85,Flat,0.37,0.72,0.86,0.089,4.3,29,29,False,5,2,8,9,79,0.549,238,0.529,326,0.517,273,0.474
WIN_2021_R08_THG,2021-22,8,2021-10-24,16:00,Sunday afternoon,WIN,TV Winterthur,Winterthur,ZH,Eulachpark,2200,THG,Handball Thurgau,Standard,False,0.55,0.34,0.8,True,0.78,Group,1,2,0.0,False,0.46,Value Loyalist,0.15,0.85,1.0,0.473,1017,39284,17.86,18,32,58,85,Flat,0.38,0.71,0.83,0.139,6.7,23,23,False,10,1,5,14,86,0.489,253,0.46,364,0.473,314,0.446
RTV_2021_R09_BSV,2021-22,9,2021-10-30,19:30,Saturday evening,RTV,RTV Basel,Basel,BS,St. Jakobshalle,4200,BSV,BSV Bern,Elite,True,0.34,0.42,0.67,True,2.6,Group,1,2,0.05,False,0.55,Value Loyalist,0.36,0.85,1.0,1.0,4073,156804,37.33,18,32,58,85,Early Surge,0.34,0.86,0.95,0.44,21.2,25,22,True,2,4,9,8,336,1.0,1025,0.976,1427,0.971,1285,0.956
THG_2021_R09_GC,2021-22,9,2021-10-30,19:30,Saturday evening,THG,Handball Thurgau,Kreuzlingen,TG,Bodenseearena,1500,GC,Grasshopper Club Zürich,Elite,False,0.51,0.74,0.44,True,1.85,Group,1,1,0.0,False,0.46,Occasional Neutral,0.36,0.85,1.0,0.604,894,34866,23.24,18,32,58,85,Flat,0.38,0.7,0.84,0.323,15.6,18,19,False,1,2,14,10,78,0.65,233,0.621,302,0.575,281,0.585
WIN2_2021_R09_KAD,2021-22,9,2021-10-30,19:30,Saturday evening,WIN2,Pfadi Winterthur,Winterthur,ZH,Sportpark Deutweg,2000,KAD,Kadetten Schaffhausen,Competitive,False,0.64,0.5,0.38,True,0.98,Group,1,1,0.0,False,0.84,Value Loyalist,0.25,0.85,1.0,0.487,938,36540,18.27,18,32,58,85,Flat,0.36,0.68,0.86,0.114,5.5,19,20,False,8,4,8,9,80,0.5,244,0.488,324,0.463,290,0.453
LUZ_2021_R09_HSC,2021-22,9,2021-10-30,17:00,Saturday afternoon,LUZ,STV Willisau,Willisau,LU,Dreifachhalle Willisau,1800,HSC,HSC Suhr Aarau,Competitive,True,0.34,0.53,0.41,True,0.65,Group,1,1,0.0,False,0.48,Occasional Neutral,0.25,0.85,1.0,0.621,1111,43037,23.91,18,32,58,85,Consistent Gradual,0.21,0.63,0.83,0.228,11.0,26,22,True,3,9,10,6,95,0.66,280,0.622,391,0.621,345,0.599
THU_2021_R09_WIN,2021-22,9,2021-10-31,16:00,Sunday afternoon,THU,TSV Oftringen,Oftringen,AG,Athletik Zentrum Oftringen,1600,WIN,TV Winterthur,Competitive,False,0.46,0.53,0.37,True,0.78,Group,1,2,0.08,False,0.36,Occasional Neutral,0.25,0.85,1.0,0.477,753,29019,18.14,18,32,58,85,Flat,0.38,0.69,0.84,0.145,7.0,26,27,False,6,9,9,7,63,0.492,188,0.47,266,0.475,236,0.461
BSV_2021_R10_THG,2021-22,10,2021-11-06,19:30,Saturday evening,BSV,BSV Bern,Bern,BE,PostFinance Arena (Handball Hall),3800,THG,Handball Thurgau,Standard,False,0.73,0.54,0.59,True,0.55,Group,1,2,0.0,False,0.57,Premium Seeker,0.15,0.85,1.0,0.635,2366,92424,24.32,18,32,58,85,Flat,0.37,0.68,0.86,0.129,6.2,24,25,False,7,1,8,16,208,0.684,614,0.646,810,0.609,734,0.604
RTV_2021_R10_WIN2,2021-22,10,2021-11-06,19:30,Saturday evening,RTV,RTV Basel,Basel,BS,St. Jakobshalle,4200,WIN2,Pfadi Winterthur,Competitive,False,0.2,0.54,0.4,True,2.09,Group,1,2,0.0,False,0.61,Value Loyalist,0.25,0.85,1.0,0.683,2758,106854,25.44,18,32,58,85,Consistent Gradual,0.21,0.66,0.84,0.119,5.8,32,20,True,2,8,11,8,238,0.708,697,0.664,956,0.65,867,0.645
GC_2021_R10_THU,2021-22,10,2021-11-06,19:30,Saturday evening,GC,Grasshopper Club Zürich,Zürich,ZH,Sporthalle Deutweg,3200,THU,TSV Oftringen,Standard,False,0.73,0.56,0.43,True,1.85,Group,1,1,0.0,False,0.56,Premium Seeker,0.15,0.85,1.0,0.63,1983,77257,24.14,18,32,58,85,Flat,0.38,0.69,0.84,0.132,6.4,28,29,False,4,3,10,11,173,0.676,505,0.631,698,0.623,607,0.593
KAD_2021_R10_LUZ,2021-22,10,2021-11-06,19:30,Saturday evening,KAD,Kadetten Schaffhausen,Schaffhausen,SH,Kammgarnhalle,2800,LUZ,STV Willisau,Standard,False,0.19,0.5,0.62,True,0.23,Group,1,0,0.0,False,0.43,Atmosphere Seeker,0.15,0.85,1.0,0.584,1603,62518,22.33,18,32,58,85,Flat,0.37,0.68,0.87,0.129,6.2,31,28,True,3,6,11,10,140,0.625,416,0.594,546,0.558,501,0.559
WIN_2021_R10_HSC,2021-22,10,2021-11-06,19:30,Saturday evening,WIN,TV Winterthur,Winterthur,ZH,Eulachpark,2200,HSC,HSC Suhr Aarau,Competitive,False,0.69,0.49,0.33,True,1.43,Group,1,2,0.0,False,0.31,Value Loyalist,0.25,0.85,1.0,0.546,1155,44596,20.27,18,32,58,85,Consistent Gradual,0.23,0.63,0.84,0.129,6.2,28,27,True,7,10,9,6,98,0.557,291,0.529,400,0.519,366,0.52
WIN2_2021_R11_BSV,2021-22,11,2021-11-13,19:30,Saturday evening,WIN2,Pfadi Winterthur,Winterthur,ZH,Sportpark Deutweg,2000,BSV,BSV Bern,Elite,False,0.29,0.32,0.43,True,2.0,Group,1,1,0.12,False,0.44,Value Loyalist,0.36,0.85,1.0,0.609,1204,46908,23.45,18,32,58,85,Flat,0.4,0.69,0.87,0.278,13.4,19,20,False,9,5,8,10,104,0.65,309,0.618,422,0.603,369,0.577
THU_2021_R11_THG,2021-22,11,2021-11-13,19:30,Saturday evening,THU,TSV Oftringen,Oftringen,AG,Athletik Zentrum Oftringen,1600,THG,Handball Thurgau,Standard,False,0.75,0.54,0.67,False,0.0,Group,1,2,0.08,False,0.37,Occasional Neutral,0.0,0.85,1.0,0.371,585,22667,14.17,18,32,58,85,Flat,0.37,0.68,0.86,0.044,2.1,27,28,False,4,1,11,18,49,0.383,151,0.378,201,0.359,184,0.359
HSC_2021_R11_GC,2021-22,11,2021-11-13,19:30,Saturday evening,HSC,HSC Suhr Aarau,Aarau,AG,Swiss Arena Bubble,2600,GC,Grasshopper Club Zürich,Elite,False,0.67,0.26,0.44,True,2.5,Group,1,0,0.08,False,0.41,Atmosphere Seeker,0.36,0.85,1.0,0.755,1962,76073,29.26,18,32,58,85,Early Surge,0.34,0.87,0.96,0.334,16.1,32,26,True,9,6,8,10,167,0.803,497,0.765,692,0.761,606,0.728
LUZ_2021_R11_RTV,2021-22,11,2021-11-14,16:00,Sunday afternoon,LUZ,STV Willisau,Willisau,LU,Dreifachhalle Willisau,1800,RTV,RTV Basel,Elite,False,0.17,0.5,0.63,True,1.34,Group,1,1,0.0,False,0.54,Occasional Neutral,0.36,0.85,1.0,0.622,1090,42329,23.52,18,32,58,85,Flat,0.39,0.7,0.85,0.292,14.1,27,19,True,2,3,12,11,93,0.646,280,0.622,377,0.598,340,0.59
WIN_2021_R11_KAD,2021-22,11,2021-11-14,16:00,Sunday afternoon,WIN,TV Winterthur,Winterthur,ZH,Eulachpark,2200,KAD,Kadetten Schaffhausen,Competitive,True,0.67,0.6,0.6,True,1.01,Group,1,0,0.0,False,0.88,Value Loyalist,0.25,0.85,1.0,0.809,1742,68207,31.0,18,32,58,85,Early Surge,0.34,0.84,0.96,0.267,12.9,24,23,True,5,4,11,11,151,0.858,458,0.833,601,0.781,532,0.756
BSV_2021_R12_THU,2021-22,12,2021-11-20,17:00,Saturday afternoon,BSV,BSV Bern,Bern,BE,PostFinance Arena (Handball Hall),3800,THU,TSV Oftringen,Standard,False,0.83,0.55,0.43,True,1.25,Group,1,0,0.0,False,0.45,Premium Seeker,0.15,0.85,1.0,0.712,2637,102743,27.04,18,32,58,85,Flat,0.37,0.69,0.87,0.137,6.6,27,28,False,7,2,10,13,229,0.753,676,0.712,921,0.692,811,0.667
THG_2021_R12_HSC,2021-22,12,2021-11-20,19:30,Saturday evening,THG,Handball Thurgau,Kreuzlingen,TG,Bodenseearena,1500,HSC,HSC Suhr Aarau,Competitive,False,0.35,0.74,0.41,True,0.65,Group,1,0,0.0,False,0.22,Occasional Neutral,0.25,0.85,1.0,0.485,721,27995,18.66,18,32,58,85,Flat,0.38,0.71,0.87,0.167,8.0,31,32,False,1,9,18,10,61,0.508,184,0.491,255,0.486,221,0.46
RTV_2021_R12_WIN,2021-22,12,2021-11-20,17:00,Saturday afternoon,RTV,RTV Basel,Basel,BS,St. Jakobshalle,4200,WIN,TV Winterthur,Competitive,False,0.28,0.5,0.68,True,2.12,Group,1,0,0.0,False,0.68,Value Loyalist,0.25,0.85,1.0,0.775,3209,124650,29.68,18,32,58,85,Flat,0.38,0.69,0.86,0.133,6.4,27,20,True,2,6,13,11,274,0.815,816,0.777,1135,0.772,984,0.732
GC_2021_R12_KAD,2021-22,12,2021-11-20,19:30,Saturday evening,GC,Grasshopper Club Zürich,Zürich,ZH,Sporthalle Deutweg,3200,KAD,Kadetten Schaffhausen,Competitive,True,0.23,0.36,0.48,True,2.07,Group,1,0,0.0,False,0.22,Premium Seeker,0.25,0.85,1.0,0.908,2787,108000,33.75,18,32,58,85,Early Surge,0.33,0.85,0.95,0.324,15.6,22,25,False,8,3,10,13,240,0.938,704,0.88,971,0.867,872,0.852
WIN2_2021_R12_LUZ,2021-22,12,2021-11-21,16:00,Sunday afternoon,WIN2,Pfadi Winterthur,Winterthur,ZH,Sportpark Deutweg,2000,LUZ,STV Willisau,Standard,False,0.2,0.26,0.6,True,0.75,Group,1,2,0.0,False,0.12,Value Loyalist,0.15,0.85,1.0,0.56,1099,42738,21.37,18,32,58,85,Flat,0.39,0.69,0.86,0.129,6.2,24,30,False,10,2,8,14,92,0.575,284,0.568,388,0.554,335,0.523
LUZ_2021_R13_BSV,2021-22,13,2021-11-27,19:30,Saturday evening,LUZ,STV Willisau,Willisau,LU,Dreifachhalle Willisau,1800,BSV,BSV Bern,Elite,False,0.22,0.68,0.44,True,1.25,Group,1,2,0.08,False,0.3,Occasional Neutral,0.36,0.85,1.05,0.519,930,35958,19.98,18,32,58,85,Flat,0.39,0.71,0.84,0.261,12.6,29,28,True,2,7,16,10,78,0.542,235,0.522,328,0.521,289,0.502
WIN_2021_R13_WIN2,2021-22,13,2021-11-27,19:30,Saturday evening,WIN,TV Winterthur,Winterthur,ZH,Eulachpark,2200,WIN2,Pfadi Winterthur,Competitive,False,0.27,0.54,0.21,True,0.75,Group,1,0,0.12,False,0.17,Value Loyalist,0.25,0.85,1.05,0.532,1149,44719,20.33,18,32,58,85,Consistent Gradual,0.22,0.63,0.86,0.197,9.5,29,28,True,5,10,13,8,97,0.551,296,0.538,407,0.529,349,0.496
KAD_2021_R13_THG,2021-22,13,2021-11-27,17:00,Saturday afternoon,KAD,Kadetten Schaffhausen,Schaffhausen,SH,Kammgarnhalle,2800,THG,Handball Thurgau,Standard,False,0.81,0.59,0.59,False,0.0,Group,1,1,0.0,False,0.31,Atmosphere Seeker,0.0,0.85,1.05,0.553,1517,58764,20.99,18,32,58,85,Flat,0.36,0.7,0.84,0.041,2.0,26,27,False,4,1,13,20,128,0.571,389,0.556,523,0.534,477,0.532
GC_2021_R13_RTV,2021-22,13,2021-11-27,19:30,Saturday evening,GC,Grasshopper Club Zürich,Zürich,ZH,Sporthalle Deutweg,3200,RTV,RTV Basel,Elite,True,0.22,0.28,0.6,True,2.56,Group,1,0,0.0,False,0.48,Premium Seeker,0.36,0.85,1.05,1.0,3097,119892,37.47,18,32,58,85,Early Surge,0.33,0.85,0.96,0.485,23.4,31,23,True,7,3,12,13,256,1.0,800,1.0,1071,0.956,970,0.947
HSC_2021_R13_THU,2021-22,13,2021-11-28,16:00,Sunday afternoon,HSC,HSC Suhr Aarau,Aarau,AG,Swiss Arena Bubble,2600,THU,TSV Oftringen,Standard,False,0.85,0.53,0.55,True,0.65,Group,1,1,0.0,False,0.22,Atmosphere Seeker,0.15,0.85,1.05,0.585,1488,57520,22.12,18,32,58,85,Flat,0.39,0.71,0.84,0.105,5.1,24,23,True,8,6,12,13,130,0.625,369,0.568,519,0.571,470,0.565
BSV_2021_R14_HSC,2021-22,14,2021-12-04,19:30,Saturday evening,BSV,BSV Bern,Bern,BE,PostFinance Arena (Handball Hall),3800,HSC,HSC Suhr Aarau,Competitive,True,0.24,0.35,0.62,True,1.25,Group,1,1,0.0,False,0.75,Premium Seeker,0.25,0.85,1.05,0.98,3576,138692,36.5,18,32,58,85,Early Surge,0.33,0.88,0.96,0.391,18.9,25,23,True,7,9,12,12,304,1.0,910,0.958,1254,0.943,1108,0.911
LUZ_2021_R14_WIN,2021-22,14,2021-12-04,19:30,Saturday evening,LUZ,STV Willisau,Willisau,LU,Dreifachhalle Willisau,1800,WIN,TV Winterthur,Competitive,False,0.83,0.74,0.63,True,0.78,Group,1,1,0.0,False,0.23,Occasional Neutral,0.25,0.85,1.05,0.5,881,34178,18.99,18,32,58,85,Flat,0.38,0.69,0.84,0.118,5.7,24,25,False,2,3,16,15,74,0.514,228,0.507,303,0.481,276,0.479
THU_2021_R14_KAD,2021-22,14,2021-12-04,19:30,Saturday evening,THU,TSV Oftringen,Oftringen,AG,Athletik Zentrum Oftringen,1600,KAD,Kadetten Schaffhausen,Competitive,False,0.83,0.44,0.47,True,0.23,Group,1,1,0.0,False,0.34,Occasional Neutral,0.25,0.85,1.05,0.524,827,32115,20.07,18,32,58,85,Consistent Gradual,0.23,0.62,0.85,0.173,8.4,26,27,False,6,3,13,15,69,0.539,214,0.535,289,0.516,255,0.498
THG_2021_R14_RTV,2021-22,14,2021-12-04,19:30,Saturday evening,THG,Handball Thurgau,Kreuzlingen,TG,Bodenseearena,1500,RTV,RTV Basel,Elite,False,0.32,0.67,0.48,True,0.96,Group,1,3,0.0,False,0.56,Occasional Neutral,0.36,0.85,1.05,0.57,837,32490,21.66,18,32,58,85,Flat,0.37,0.69,0.85,0.227,11.0,28,29,False,1,3,20,15,72,0.6,210,0.56,300,0.571,255,0.531
WIN2_2021_R14_GC,2021-22,14,2021-12-05,16:00,Sunday afternoon,WIN2,Pfadi Winterthur,Winterthur,ZH,Sportpark Deutweg,2000,GC,Grasshopper Club Zürich,Elite,True,0.21,0.17,0.43,True,2.6,Group,1,1,0.0,False,0.28,Value Loyalist,0.36,0.85,1.05,0.902,1754,67908,33.95,18,32,58,85,Early Surge,0.33,0.87,0.96,0.512,24.7,23,21,True,10,8,10,12,154,0.963,438,0.876,607,0.867,555,0.867
WIN_2021_R15_BSV,2021-22,15,2021-12-11,17:00,Saturday afternoon,WIN,TV Winterthur,Winterthur,ZH,Eulachpark,2200,BSV,BSV Bern,Elite,False,0.82,0.71,0.48,True,2.03,Final,3,3,0.0,False,0.3,Value Loyalist,0.64,0.85,1.05,1.0,2163,83372,37.9,18,32,58,85,Early Surge,0.34,0.87,0.96,0.6,29.0,31,17,True,2,7,17,12,174,0.989,550,1.0,770,1.0,669,0.95
KAD_2021_R15_HSC,2021-22,15,2021-12-11,17:00,Saturday afternoon,KAD,Kadetten Schaffhausen,Schaffhausen,SH,Kammgarnhalle,2800,HSC,HSC Suhr Aarau,Competitive,False,0.67,0.58,0.5,True,0.88,Group,1,2,0.0,False,0.31,Atmosphere Seeker,0.25,0.85,1.05,0.671,1824,70250,25.09,18,32,58,85,Consistent Gradual,0.22,0.64,0.85,0.193,9.3,32,33,False,5,6,15,14,154,0.688,457,0.653,630,0.644,583,0.651
GC_2021_R15_LUZ,2021-22,15,2021-12-11,19:30,Saturday evening,GC,Grasshopper Club Zürich,Zürich,ZH,Sporthalle Deutweg,3200,LUZ,STV Willisau,Standard,False,0.68,0.34,0.59,True,1.42,Final,3,3,0.0,False,0.55,Premium Seeker,0.43,0.85,1.05,0.994,3085,119545,37.36,18,32,58,85,Late Surge,0.03,0.32,0.67,0.471,22.7,28,25,True,6,3,14,16,253,0.988,800,1.0,1076,0.961,956,0.934
RTV_2021_R15_THU,2021-22,15,2021-12-11,19:30,Saturday evening,RTV,RTV Basel,Basel,BS,St. Jakobshalle,4200,THU,TSV Oftringen,Standard,False,0.24,0.59,0.35,True,1.34,Group,1,2,0.0,False,0.74,Value Loyalist,0.15,0.85,1.05,0.71,2922,114193,27.19,18,32,58,85,Flat,0.37,0.71,0.87,0.155,7.5,33,34,False,4,6,15,15,257,0.765,750,0.714,1027,0.699,888,0.661
THG_2021_R15_WIN2,2021-22,15,2021-12-11,19:30,Saturday evening,THG,Handball Thurgau,Kreuzlingen,TG,Bodenseearena,1500,WIN2,Pfadi Winterthur,Competitive,True,0.22,0.54,0.33,True,0.75,Playoff,2,3,0.08,False,0.06,Occasional Neutral,0.39,0.85,1.05,0.637,921,35884,23.92,18,32,58,85,Consistent Gradual,0.22,0.64,0.83,0.24,11.6,27,24,True,1,10,22,10,78,0.65,240,0.64,320,0.61,283,0.59
BSV_2021_R16_KAD,2021-22,16,2021-12-18,19:30,Saturday evening,BSV,BSV Bern,Bern,BE,PostFinance Arena (Handball Hall),3800,KAD,Kadetten Schaffhausen,Competitive,False,0.31,0.38,0.46,True,1.04,Group,1,1,0.0,False,0.66,Premium Seeker,0.25,0.85,1.15,0.86,3220,125623,33.06,18,32,58,85,Flat,0.37,0.69,0.86,0.21,10.1,29,30,False,9,2,12,17,277,0.911,837,0.881,1116,0.839,990,0.814
WIN_2021_R16_GC,2021-22,16,2021-12-18,19:30,Saturday evening,WIN,TV Winterthur,Winterthur,ZH,Eulachpark,2200,GC,Grasshopper Club Zürich,Elite,True,0.82,0.77,0.47,True,1.85,Playoff,2,1,0.0,False,0.42,Value Loyalist,0.5,0.85,1.15,1.0,2176,83500,37.95,18,32,58,85,Early Surge,0.32,0.84,0.96,0.505,24.3,32,27,True,2,7,19,14,176,1.0,544,0.989,770,1.0,686,0.974
HSC_2021_R16_RTV,2021-22,16,2021-12-18,17:00,Saturday afternoon,HSC,HSC Suhr Aarau,Aarau,AG,Swiss Arena Bubble,2600,RTV,RTV Basel,Elite,False,0.3,0.6,0.47,True,1.99,Group,1,1,0.0,False,0.16,Atmosphere Seeker,0.36,0.85,1.15,0.916,2372,92067,35.41,18,32,58,85,Early Surge,0.32,0.85,0.96,0.41,19.8,32,24,True,4,6,16,15,203,0.976,602,0.926,835,0.919,732,0.88
LUZ_2021_R16_THG,2021-22,16,2021-12-18,17:00,Saturday afternoon,LUZ,STV Willisau,Willisau,LU,Dreifachhalle Willisau,1800,THG,Handball Thurgau,Standard,False,0.54,0.48,0.63,False,0.0,Group,1,1,0.0,False,0.27,Occasional Neutral,0.0,0.85,1.15,0.447,787,30551,16.97,18,32,58,85,Flat,0.36,0.7,0.86,0.036,1.7,26,31,False,5,1,16,24,69,0.479,195,0.433,283,0.449,240,0.417
THU_2021_R16_WIN2,2021-22,16,2021-12-18,19:30,Saturday evening,THU,TSV Oftringen,Oftringen,AG,Athletik Zentrum Oftringen,1600,WIN2,Pfadi Winterthur,Competitive,False,0.3,0.48,0.27,True,0.75,Group,1,1,0.0,False,0.49,Occasional Neutral,0.25,0.85,1.15,0.6,938,36326,22.7,18,32,58,85,Consistent Gradual,0.24,0.65,0.85,0.158,7.6,28,27,True,4,10,17,10,80,0.625,239,0.598,323,0.577,296,0.578
GC_2021_R17_BSV,2021-22,17,2021-12-25,17:00,Saturday afternoon,GC,Grasshopper Club Zürich,Zürich,ZH,Sporthalle Deutweg,3200,BSV,BSV Bern,Elite,False,0.81,0.38,0.31,True,2.05,Group,1,3,0.0,True,0.53,Premium Seeker,0.36,0.85,1.15,0.92,2887,111804,34.94,18,32,58,85,Early Surge,0.32,0.85,0.98,0.392,18.9,37,38,False,9,8,14,14,246,0.961,729,0.911,1014,0.905,898,0.877
RTV_2021_R17_KAD,2021-22,17,2021-12-25,19:30,Saturday evening,RTV,RTV Basel,Basel,BS,St. Jakobshalle,4200,KAD,Kadetten Schaffhausen,Competitive,False,0.57,0.37,0.57,True,1.14,Group,1,3,0.0,True,0.68,Value Loyalist,0.25,0.85,1.15,0.607,2479,96422,22.96,18,32,58,85,Consistent Gradual,0.24,0.65,0.84,0.118,5.7,28,29,False,7,2,15,19,212,0.631,634,0.604,874,0.595,759,0.565
THG_2021_R17_WIN,2021-22,17,2021-12-25,19:30,Saturday evening,THG,Handball Thurgau,Kreuzlingen,TG,Bodenseearena,1500,WIN,TV Winterthur,Competitive,True,0.53,0.7,0.81,True,0.78,Playoff,2,3,0.0,True,0.36,Occasional Neutral,0.39,0.85,1.15,0.886,1292,50200,33.47,18,32,58,85,Early Surge,0.33,0.85,0.96,0.368,17.8,27,28,False,1,2,24,21,112,0.933,325,0.867,460,0.876,395,0.823
THU_2021_R17_LUZ,2021-22,17,2021-12-25,19:30,Saturday evening,THU,TSV Oftringen,Oftringen,AG,Athletik Zentrum Oftringen,1600,LUZ,STV Willisau,Standard,True,0.55,0.58,0.38,False,0.0,Group,1,3,0.08,True,0.06,Occasional Neutral,0.0,0.85,1.15,0.495,789,30620,19.14,18,32,58,85,Flat,0.37,0.71,0.84,0.137,6.6,31,32,False,5,4,17,18,68,0.531,201,0.502,273,0.487,247,0.482
WIN2_2021_R17_HSC,2021-22,17,2021-12-26,16:00,Sunday afternoon,WIN2,Pfadi Winterthur,Winterthur,ZH,Sportpark Deutweg,2000,HSC,HSC Suhr Aarau,Competitive,False,0.2,0.21,0.68,True,0.75,Group,1,2,0.0,True,0.22,Value Loyalist,0.25,0.85,1.15,0.646,1256,48502,24.25,18,32,58,85,Consistent Gradual,0.21,0.63,0.84,0.153,7.4,32,23,True,10,6,12,16,106,0.662,313,0.626,448,0.64,389,0.608
BSV_2021_R18_RTV,2021-22,18,2022-01-01,19:30,Saturday evening,BSV,BSV Bern,Bern,BE,PostFinance Arena (Handball Hall),3800,RTV,RTV Basel,Elite,True,0.67,0.45,0.3,True,1.79,Group,1,1,0.0,True,0.61,Premium Seeker,0.36,0.85,1.15,1.0,3712,142794,37.58,18,32,58,85,Early Surge,0.33,0.87,0.94,0.519,25.1,27,27,False,8,6,15,16,304,1.0,930,0.979,1315,0.989,1163,0.956
GC_2021_R18_THG,2021-22,18,2022-01-01,19:30,Saturday evening,GC,Grasshopper Club Zürich,Zürich,ZH,Sporthalle Deutweg,3200,THG,Handball Thurgau,Standard,False,0.25,0.3,0.56,True,1.85,Group,1,3,0.08,True,0.19,Premium Seeker,0.15,0.85,1.15,0.574,1808,70009,21.88,18,32,58,85,Flat,0.38,0.7,0.84,0.102,4.9,26,20,True,7,1,16,24,151,0.59,466,0.583,622,0.555,569,0.556
KAD_2021_R18_WIN2,2021-22,18,2022-01-01,19:30,Saturday evening,KAD,Kadetten Schaffhausen,Schaffhausen,SH,Kammgarnhalle,2800,WIN2,Pfadi Winterthur,Competitive,False,0.32,0.65,0.37,True,0.98,Playoff,2,2,0.0,True,0.56,Atmosphere Seeker,0.39,0.85,1.15,0.896,2457,94793,33.85,18,32,58,85,Late Surge,0.03,0.31,0.67,0.284,13.7,22,26,False,3,10,19,14,207,0.924,614,0.877,867,0.886,769,0.858
WIN_2021_R18_THU,2021-22,18,2022-01-01,17:00,Saturday afternoon,WIN,TV Winterthur,Winterthur,ZH,Eulachpark,2200,THU,TSV Oftringen,Standard,False,0.23,0.85,0.47,True,0.78,Playoff,2,2,0.0,True,0.44,Value Loyalist,0.29,0.85,1.15,0.793,1709,66293,30.13,18,32,58,85,Late Surge,0.03,0.3,0.67,0.142,6.9,20,19,True,2,5,23,17,147,0.835,431,0.784,603,0.783,528,0.75
HSC_2021_R18_LUZ,2021-22,18,2022-01-01,19:30,Saturday evening,HSC,HSC Suhr Aarau,Aarau,AG,Swiss Arena Bubble,2600,LUZ,STV Willisau,Standard,True,0.67,0.54,0.5,True,0.65,Group,1,1,0.0,True,0.7,Atmosphere Seeker,0.15,0.85,1.15,0.806,2059,79802,30.69,18,32,58,85,Early Surge,0.32,0.86,0.95,0.3,14.5,29,29,False,5,4,17,19,176,0.846,521,0.802,722,0.794,640,0.769
THG_2022_R01_BSV,2022-23,1,2022-09-03,19:30,Saturday evening,THG,Handball Thurgau,Kreuzlingen,TG,Bodenseearena,1500,BSV,BSV Bern,Elite,False,0.49,0.45,0.46,True,0.81,Group,1,1,0.12,False,0.41,Occasional Neutral,0.36,1.0,1.08,0.583,866,33269,22.18,18,32,58,85,Flat,0.37,0.68,0.85,0.313,15.1,24,25,False,10,1,0,2,71,0.592,216,0.576,306,0.583,273,0.569
THU_2022_R01_GC,2022-23,1,2022-09-03,19:30,Saturday evening,THU,TSV Oftringen,Oftringen,AG,Athletik Zentrum Oftringen,1600,GC,Grasshopper Club Zürich,Elite,False,0.49,0.37,0.44,True,1.85,Group,1,0,0.0,False,0.5,Occasional Neutral,0.36,1.0,1.08,0.8,1260,48858,30.54,18,32,58,85,Early Surge,0.32,0.87,0.97,0.31,15.0,24,25,False,8,2,0,2,108,0.844,322,0.805,433,0.773,397,0.775
LUZ_2022_R01_KAD,2022-23,1,2022-09-03,19:30,Saturday evening,LUZ,STV Willisau,Willisau,LU,Dreifachhalle Willisau,1800,KAD,Kadetten Schaffhausen,Competitive,False,0.46,0.5,0.52,True,0.23,Group,1,0,0.0,False,0.36,Occasional Neutral,0.25,1.0,1.08,0.763,1321,51655,28.7,18,32,58,85,Flat,0.37,0.68,0.84,0.147,7.1,25,26,False,7,3,0,2,117,0.812,341,0.758,457,0.725,406,0.705
HSC_2022_R01_WIN,2022-23,1,2022-09-03,19:30,Saturday evening,HSC,HSC Suhr Aarau,Aarau,AG,Swiss Arena Bubble,2600,WIN,TV Winterthur,Competitive,False,0.79,0.53,0.88,True,0.65,Group,1,1,0.0,False,0.49,Atmosphere Seeker,0.25,1.0,1.08,0.819,2114,81898,31.5,18,32,58,85,Flat,0.38,0.71,0.87,0.221,10.6,30,31,False,6,4,0,2,174,0.837,545,0.838,742,0.816,653,0.785
WIN2_2022_R01_RTV,2022-23,1,2022-09-04,16:00,Sunday afternoon,WIN2,Pfadi Winterthur,Winterthur,ZH,Sportpark Deutweg,2000,RTV,RTV Basel,Elite,False,0.46,0.5,0.34,True,1.34,Group,1,0,0.0,False,0.45,Value Loyalist,0.36,1.0,1.08,0.896,1767,68601,34.3,18,32,58,85,Early Surge,0.34,0.86,0.96,0.417,20.1,25,26,False,9,2,0,2,155,0.969,445,0.89,615,0.879,552,0.863
BSV_2022_R02_WIN2,2022-23,2,2022-09-10,19:30,Saturday evening,BSV,BSV Bern,Bern,BE,PostFinance Arena (Handball Hall),3800,WIN2,Pfadi Winterthur,Competitive,False,0.2,0.57,0.4,True,1.25,Group,1,0,0.0,False,0.24,Premium Seeker,0.25,1.0,1.08,0.951,3523,137242,36.12,18,32,58,85,Flat,0.39,0.71,0.86,0.341,16.4,32,26,True,1,9,4,0,296,0.974,925,0.974,1214,0.913,1088,0.895
THG_2022_R02_THU,2022-23,2,2022-09-10,19:30,Saturday evening,THG,Handball Thurgau,Kreuzlingen,TG,Bodenseearena,1500,THU,TSV Oftringen,Standard,False,0.5,0.36,0.3,False,0.0,Group,1,0,0.0,False,0.69,Occasional Neutral,0.0,1.0,1.08,0.495,714,27704,18.47,18,32,58,85,Flat,0.37,0.72,0.85,0.055,2.7,23,27,False,10,6,0,2,62,0.517,181,0.483,247,0.47,224,0.467
KAD_2022_R02_WIN,2022-23,2,2022-09-10,19:30,Saturday evening,KAD,Kadetten Schaffhausen,Schaffhausen,SH,Kammgarnhalle,2800,WIN,TV Winterthur,Competitive,True,0.78,0.62,0.9,True,0.23,Group,1,0,0.0,False,0.13,Atmosphere Seeker,0.25,1.0,1.08,1.0,2712,104900,37.46,18,32,58,85,Early Surge,0.33,0.84,0.97,0.35,16.9,29,29,False,2,3,3,3,224,1.0,700,1.0,934,0.954,854,0.953
RTV_2022_R02_LUZ,2022-23,2,2022-09-11,16:00,Sunday afternoon,RTV,RTV Basel,Basel,BS,St. Jakobshalle,4200,LUZ,STV Willisau,Standard,False,0.45,0.47,0.4,True,0.81,Group,1,1,0.0,False,0.38,Value Loyalist,0.15,1.0,1.08,0.795,3279,127697,30.4,18,32,58,85,Flat,0.37,0.7,0.84,0.118,5.7,23,22,True,2,8,4,0,279,0.83,853,0.812,1133,0.771,1014,0.754
GC_2022_R02_HSC,2022-23,2,2022-09-11,16:00,Sunday afternoon,GC,Grasshopper Club Zürich,Zürich,ZH,Sporthalle Deutweg,3200,HSC,HSC Suhr Aarau,Competitive,False,0.78,0.55,0.43,True,2.5,Group,1,1,0.0,False,0.68,Premium Seeker,0.25,1.0,1.08,0.893,2785,107243,33.51,18,32,58,85,Flat,0.36,0.72,0.87,0.254,12.2,23,22,True,3,7,4,0,235,0.918,694,0.868,972,0.868,884,0.863
THU_2022_R03_BSV,2022-23,3,2022-09-17,19:30,Saturday evening,THU,TSV Oftringen,Oftringen,AG,Athletik Zentrum Oftringen,1600,BSV,BSV Bern,Elite,False,0.55,0.44,0.65,True,1.25,Group,1,0,0.0,False,0.39,Occasional Neutral,0.36,1.0,1.08,0.821,1279,49316,30.82,18,32,58,85,Early Surge,0.33,0.86,0.96,0.362,17.5,31,32,False,6,1,2,6,108,0.844,320,0.8,447,0.798,404,0.789
LUZ_2022_R03_WIN2,2022-23,3,2022-09-17,19:30,Saturday evening,LUZ,STV Willisau,Willisau,LU,Dreifachhalle Willisau,1800,WIN2,Pfadi Winterthur,Competitive,False,0.13,0.32,0.32,True,0.75,Group,1,0,0.0,False,0.76,Occasional Neutral,0.25,1.0,1.08,0.733,1293,50286,27.94,18,32,58,85,Consistent Gradual,0.24,0.63,0.84,0.123,5.9,29,28,True,6,9,2,0,112,0.778,326,0.724,462,0.733,393,0.682
HSC_2022_R03_THG,2022-23,3,2022-09-17,19:30,Saturday evening,HSC,HSC Suhr Aarau,Aarau,AG,Swiss Arena Bubble,2600,THG,Handball Thurgau,Standard,False,0.23,0.34,0.29,True,0.65,Group,1,0,0.0,False,0.59,Atmosphere Seeker,0.15,1.0,1.08,0.741,1886,73347,28.21,18,32,58,85,Flat,0.39,0.7,0.85,0.172,8.3,21,24,False,9,8,0,2,165,0.793,472,0.726,676,0.744,573,0.689
WIN_2022_R03_RTV,2022-23,3,2022-09-17,19:30,Saturday evening,WIN,TV Winterthur,Winterthur,ZH,Eulachpark,2200,RTV,RTV Basel,Elite,False,0.52,0.82,0.58,True,1.34,Group,1,0,0.08,False,0.36,Value Loyalist,0.36,1.0,1.08,0.855,1844,71401,32.45,18,32,58,85,Early Surge,0.32,0.86,0.98,0.346,16.7,19,23,False,5,2,3,6,157,0.892,463,0.842,655,0.851,569,0.808
KAD_2022_R03_GC,2022-23,3,2022-09-17,19:30,Saturday evening,KAD,Kadetten Schaffhausen,Schaffhausen,SH,Kammgarnhalle,2800,GC,Grasshopper Club Zürich,Elite,True,0.15,0.6,0.64,True,2.07,Group,1,0,0.0,False,0.22,Atmosphere Seeker,0.36,1.0,1.08,1.0,2676,103573,36.99,18,32,58,85,Early Surge,0.34,0.86,0.96,0.523,25.2,22,23,False,4,3,3,6,223,0.996,684,0.977,936,0.956,833,0.93
BSV_2022_R04_LUZ,2022-23,4,2022-09-24,17:00,Saturday afternoon,BSV,BSV Bern,Bern,BE,PostFinance Arena (Handball Hall),3800,LUZ,STV Willisau,Standard,False,0.48,0.72,0.46,True,1.25,Group,1,1,0.12,False,0.69,Premium Seeker,0.15,1.0,1.0,0.791,2943,113585,29.89,18,32,58,85,Flat,0.38,0.7,0.87,0.122,5.9,25,26,False,1,4,6,4,249,0.819,744,0.783,1012,0.761,938,0.771
WIN2_2022_R04_WIN,2022-23,4,2022-09-24,19:30,Saturday evening,WIN2,Pfadi Winterthur,Winterthur,ZH,Sportpark Deutweg,2000,WIN,TV Winterthur,Competitive,True,0.51,0.25,0.66,True,1.53,Group,1,0,0.0,False,0.52,Value Loyalist,0.25,1.0,1.0,0.874,1702,66132,33.07,18,32,58,85,Early Surge,0.33,0.87,0.97,0.309,14.9,34,35,False,10,4,0,5,146,0.912,436,0.872,591,0.844,529,0.827
THG_2022_R04_KAD,2022-23,4,2022-09-24,19:30,Saturday evening,THG,Handball Thurgau,Kreuzlingen,TG,Bodenseearena,1500,KAD,Kadetten Schaffhausen,Competitive,False,0.54,0.43,0.48,True,0.23,Group,1,0,0.05,False,0.56,Occasional Neutral,0.25,1.0,1.0,0.556,809,31405,20.94,18,32,58,85,Consistent Gradual,0.24,0.66,0.84,0.137,6.6,32,31,True,6,7,4,3,69,0.575,204,0.544,290,0.552,246,0.512
RTV_2022_R04_GC,2022-23,4,2022-09-24,19:30,Saturday evening,RTV,RTV Basel,Basel,BS,St. Jakobshalle,4200,GC,Grasshopper Club Zürich,Elite,True,0.48,0.66,0.71,True,3.19,Group,1,0,0.0,False,0.77,Value Loyalist,0.36,1.0,1.0,1.0,4127,158776,37.8,18,32,58,85,Early Surge,0.31,0.84,0.96,0.511,24.6,22,23,False,3,1,6,8,336,1.0,1050,1.0,1427,0.971,1314,0.978
THU_2022_R04_HSC,2022-23,4,2022-09-25,16:00,Sunday afternoon,THU,TSV Oftringen,Oftringen,AG,Athletik Zentrum Oftringen,1600,HSC,HSC Suhr Aarau,Competitive,True,0.9,0.35,0.27,True,0.65,Group,1,1,0.0,False,0.66,Occasional Neutral,0.25,1.0,1.0,0.834,1312,51123,31.95,18,32,58,85,Early Surge,0.34,0.86,0.96,0.336,16.2,27,29,False,9,8,2,2,115,0.898,333,0.833,463,0.827,401,0.783
WIN_2022_R05_LUZ,2022-23,5,2022-10-01,19:30,Saturday evening,WIN,TV Winterthur,Winterthur,ZH,Eulachpark,2200,LUZ,STV Willisau,Standard,False,0.55,0.73,0.57,False,0.0,Group,1,1,0.0,False,0.15,Value Loyalist,0.0,1.0,1.0,0.561,1216,47566,21.62,18,32,58,85,Flat,0.36,0.68,0.85,0.045,2.2,24,25,False,5,4,5,6,106,0.602,316,0.575,424,0.551,370,0.526
KAD_2022_R05_THU,2022-23,5,2022-10-01,19:30,Saturday evening,KAD,Kadetten Schaffhausen,Schaffhausen,SH,Kammgarnhalle,2800,THU,TSV Oftringen,Standard,False,0.55,0.38,0.28,True,0.23,Group,1,1,0.0,False,0.19,Atmosphere Seeker,0.15,1.0,1.0,0.618,1691,65498,23.39,18,32,58,85,Flat,0.37,0.69,0.84,0.144,6.9,28,29,False,8,6,3,4,142,0.634,436,0.623,579,0.591,534,0.596
RTV_2022_R05_THG,2022-23,5,2022-10-01,19:30,Saturday evening,RTV,RTV Basel,Basel,BS,St. Jakobshalle,4200,THG,Handball Thurgau,Standard,False,0.21,0.53,0.54,True,0.53,Group,1,2,0.0,False,0.62,Value Loyalist,0.15,1.0,1.0,0.756,3052,118677,28.26,18,32,58,85,Flat,0.37,0.69,0.84,0.155,7.5,35,36,False,3,5,6,6,263,0.783,782,0.745,1060,0.721,947,0.705
HSC_2022_R05_BSV,2022-23,5,2022-10-02,16:00,Sunday afternoon,HSC,HSC Suhr Aarau,Aarau,AG,Swiss Arena Bubble,2600,BSV,BSV Bern,Elite,True,0.49,0.42,0.58,True,1.91,Group,1,2,0.12,False,0.57,Atmosphere Seeker,0.36,1.0,1.0,0.91,2332,91379,35.15,18,32,58,85,Early Surge,0.32,0.86,0.96,0.471,22.7,27,20,True,7,2,4,6,203,0.976,607,0.934,823,0.905,699,0.84
GC_2022_R05_WIN2,2022-23,5,2022-10-02,16:00,Sunday afternoon,GC,Grasshopper Club Zürich,Zürich,ZH,Sporthalle Deutweg,3200,WIN2,Pfadi Winterthur,Competitive,False,0.48,0.77,0.2,True,2.6,Group,1,0,0.0,False,0.28,Premium Seeker,0.25,1.0,1.0,0.826,2570,99686,31.15,18,32,58,85,Flat,0.36,0.68,0.86,0.222,10.7,21,22,False,1,10,8,2,224,0.875,643,0.804,907,0.81,796,0.777
BSV_2022_R06_WIN,2022-23,6,2022-10-08,19:30,Saturday evening,BSV,BSV Bern,Bern,BE,PostFinance Arena (Handball Hall),3800,WIN,TV Winterthur,Competitive,False,0.88,0.46,0.58,True,1.59,Group,1,1,0.0,True,0.78,Premium Seeker,0.25,1.0,1.0,0.897,3342,129206,34.0,18,32,58,85,Flat,0.39,0.72,0.84,0.256,12.3,20,29,False,3,2,6,7,278,0.914,842,0.886,1196,0.899,1026,0.844
HSC_2022_R06_KAD,2022-23,6,2022-10-08,19:30,Saturday evening,HSC,HSC Suhr Aarau,Aarau,AG,Swiss Arena Bubble,2600,KAD,Kadetten Schaffhausen,Competitive,False,0.45,0.54,0.3,True,0.65,Group,1,2,0.0,True,0.82,Atmosphere Seeker,0.25,1.0,1.0,0.658,1703,65942,25.36,18,32,58,85,Consistent Gradual,0.23,0.66,0.84,0.105,5.1,23,24,False,8,7,4,5,142,0.683,434,0.668,601,0.661,526,0.632
LUZ_2022_R06_GC,2022-23,6,2022-10-08,19:30,Saturday evening,LUZ,STV Willisau,Willisau,LU,Dreifachhalle Willisau,1800,GC,Grasshopper Club Zürich,Elite,False,0.79,0.65,0.62,True,1.42,Group,1,2,0.0,True,0.43,Occasional Neutral,0.36,1.0,1.0,0.683,1216,47335,26.3,18,32,58,85,Flat,0.37,0.71,0.86,0.266,12.8,24,23,True,2,1,8,8,105,0.729,314,0.698,418,0.663,379,0.658
THU_2022_R06_RTV,2022-23,6,2022-10-08,17:00,Saturday afternoon,THU,TSV Oftringen,Oftringen,AG,Athletik Zentrum Oftringen,1600,RTV,RTV Basel,Elite,False,0.16,0.42,0.42,True,0.81,Group,1,2,0.0,True,0.19,Occasional Neutral,0.36,1.0,1.0,0.64,1002,38750,24.22,18,32,58,85,Flat,0.39,0.69,0.84,0.241,11.6,24,21,True,6,5,6,6,88,0.688,249,0.623,347,0.62,318,0.621
WIN2_2022_R06_THG,2022-23,6,2022-10-08,19:30,Saturday evening,WIN2,Pfadi Winterthur,Winterthur,ZH,Sportpark Deutweg,2000,THG,Handball Thurgau,Standard,False,0.48,0.36,0.64,True,0.75,Group,1,2,0.0,True,0.11,Value Loyalist,0.15,1.0,1.0,0.573,1124,43716,21.86,18,32,58,85,Flat,0.37,0.72,0.87,0.137,6.6,26,27,False,10,3,2,8,94,0.588,290,0.58,399,0.57,341,0.533
KAD_2022_R07_BSV,2022-23,7,2022-10-15,19:30,Saturday evening,KAD,Kadetten Schaffhausen,Schaffhausen,SH,Kammgarnhalle,2800,BSV,BSV Bern,Elite,False,0.21,0.44,0.37,True,1.38,Group,1,0,0.05,True,0.79,Atmosphere Seeker,0.36,1.0,1.0,0.95,2603,101339,36.19,18,32,58,85,Early Surge,0.31,0.88,0.96,0.427,20.6,26,21,True,4,6,7,6,223,0.996,668,0.954,916,0.936,796,0.888
GC_2022_R07_WIN,2022-23,7,2022-10-15,17:00,Saturday afternoon,GC,Grasshopper Club Zürich,Zürich,ZH,Sporthalle Deutweg,3200,WIN,TV Winterthur,Competitive,False,0.88,0.49,0.67,True,2.63,Group,1,0,0.0,True,0.54,Premium Seeker,0.25,1.0,1.0,0.747,2356,91430,28.57,18,32,58,85,Consistent Gradual,0.24,0.63,0.85,0.194,9.4,25,23,True,1,5,10,7,202,0.789,596,0.745,832,0.743,726,0.709
RTV_2022_R07_HSC,2022-23,7,2022-10-15,17:00,Saturday afternoon,RTV,RTV Basel,Basel,BS,St. Jakobshalle,4200,HSC,HSC Suhr Aarau,Competitive,False,0.54,0.34,0.43,True,1.99,Group,1,1,0.0,True,0.75,Value Loyalist,0.25,1.0,1.0,0.858,3518,136890,32.59,18,32,58,85,Flat,0.39,0.7,0.84,0.263,12.7,25,16,True,2,9,8,4,302,0.899,907,0.864,1218,0.829,1091,0.812
THG_2022_R07_LUZ,2022-23,7,2022-10-15,19:30,Saturday evening,THG,Handball Thurgau,Kreuzlingen,TG,Bodenseearena,1500,LUZ,STV Willisau,Standard,False,0.36,0.71,0.72,False,0.0,Group,1,0,0.0,True,0.23,Occasional Neutral,0.0,1.0,1.0,0.471,684,26744,17.83,18,32,58,85,Flat,0.39,0.71,0.85,0.033,1.6,31,18,True,2,4,10,8,60,0.5,177,0.472,238,0.453,209,0.435
WIN2_2022_R07_THU,2022-23,7,2022-10-15,19:30,Saturday evening,WIN2,Pfadi Winterthur,Winterthur,ZH,Sportpark Deutweg,2000,THU,TSV Oftringen,Standard,False,0.53,0.29,0.54,True,0.75,Group,1,2,0.0,True,0.6,Value Loyalist,0.15,1.0,1.0,0.584,1140,44133,22.07,18,32,58,85,Flat,0.4,0.69,0.87,0.188,9.1,22,22,False,10,7,3,7,97,0.606,284,0.568,411,0.587,348,0.544
BSV_2022_R08_GC,2022-23,8,2022-10-22,19:30,Saturday evening,BSV,BSV Bern,Bern,BE,PostFinance Arena (Handball Hall),3800,GC,Grasshopper Club Zürich,Elite,False,0.54,0.3,0.6,True,3.1,Group,1,2,0.0,False,0.55,Premium Seeker,0.36,1.0,1.0,1.0,3682,141226,37.16,18,32,58,85,Early Surge,0.33,0.84,0.95,0.442,21.3,23,24,False,8,1,6,12,296,0.974,924,0.973,1297,0.975,1165,0.958
KAD_2022_R08_RTV,2022-23,8,2022-10-22,19:30,Saturday evening,KAD,Kadetten Schaffhausen,Schaffhausen,SH,Kammgarnhalle,2800,RTV,RTV Basel,Elite,False,0.38,0.56,0.47,True,1.57,Group,1,1,0.0,False,0.74,Atmosphere Seeker,0.36,1.0,1.0,0.896,2463,96194,34.35,18,32,58,85,Early Surge,0.31,0.85,0.95,0.348,16.8,23,24,False,5,2,7,10,212,0.946,639,0.913,864,0.883,748,0.835
WIN_2022_R08_THG,2022-23,8,2022-10-22,19:30,Saturday evening,WIN,TV Winterthur,Winterthur,ZH,Eulachpark,2200,THG,Handball Thurgau,Standard,False,0.35,0.53,0.77,True,0.78,Group,1,1,0.08,False,0.21,Value Loyalist,0.15,1.0,1.0,0.579,1229,47497,21.59,18,32,58,85,Flat,0.39,0.7,0.85,0.136,6.6,28,27,True,4,3,9,10,105,0.597,308,0.56,430,0.558,386,0.548
HSC_2022_R08_WIN2,2022-23,8,2022-10-22,19:30,Saturday evening,HSC,HSC Suhr Aarau,Aarau,AG,Swiss Arena Bubble,2600,WIN2,Pfadi Winterthur,Competitive,False,0.47,0.34,0.33,True,0.75,Group,1,2,0.0,False,0.87,Atmosphere Seeker,0.25,1.0,1.0,0.635,1616,62794,24.15,18,32,58,85,Consistent Gradual,0.2,0.65,0.86,0.171,8.2,31,25,True,9,10,6,3,138,0.663,419,0.645,550,0.605,509,0.612
LUZ_2022_R08_THU,2022-23,8,2022-10-22,17:00,Saturday afternoon,LUZ,STV Willisau,Willisau,LU,Dreifachhalle Willisau,1800,THU,TSV Oftringen,Standard,True,0.37,0.58,0.53,False,0.0,Group,1,0,0.0,False,0.43,Occasional Neutral,0.0,1.0,1.0,0.682,1191,45990,25.55,18,32,58,85,Flat,0.37,0.7,0.85,0.138,6.6,31,18,True,3,7,10,7,100,0.694,300,0.667,418,0.663,373,0.648
RTV_2022_R09_BSV,2022-23,9,2022-10-29,19:30,Saturday evening,RTV,RTV Basel,Basel,BS,St. Jakobshalle,4200,BSV,BSV Bern,Elite,True,0.61,0.58,0.24,True,2.15,Group,1,0,0.0,False,0.58,Value Loyalist,0.36,1.0,1.0,1.0,4122,158756,37.8,18,32,58,85,Early Surge,0.32,0.85,0.98,0.539,26.0,27,26,True,1,8,12,6,336,1.0,1050,1.0,1432,0.974,1304,0.97
THG_2022_R09_GC,2022-23,9,2022-10-29,19:30,Saturday evening,THG,Handball Thurgau,Kreuzlingen,TG,Bodenseearena,1500,GC,Grasshopper Club Zürich,Elite,False,0.5,0.61,0.68,True,1.85,Group,1,2,0.0,False,0.26,Occasional Neutral,0.36,1.0,1.0,0.589,861,33320,22.21,18,32,58,85,Flat,0.4,0.7,0.86,0.254,12.2,33,22,True,3,2,12,12,72,0.6,221,0.589,297,0.566,271,0.565
WIN2_2022_R09_KAD,2022-23,9,2022-10-29,19:30,Saturday evening,WIN2,Pfadi Winterthur,Winterthur,ZH,Sportpark Deutweg,2000,KAD,Kadetten Schaffhausen,Competitive,False,0.21,0.27,0.44,True,0.75,Group,1,1,0.08,False,0.54,Value Loyalist,0.25,1.0,1.0,0.511,994,38349,19.17,18,32,58,85,Consistent Gradual,0.22,0.65,0.85,0.126,6.1,25,26,False,10,5,3,9,85,0.531,249,0.498,343,0.49,317,0.495
THU_2022_R09_WIN,2022-23,9,2022-10-29,19:30,Saturday evening,THU,TSV Oftringen,Oftringen,AG,Athletik Zentrum Oftringen,1600,WIN,TV Winterthur,Competitive,False,0.49,0.43,0.63,True,0.78,Group,1,0,0.12,False,0.18,Occasional Neutral,0.25,1.0,1.0,0.562,881,34395,21.5,18,32,58,85,Consistent Gradual,0.23,0.63,0.84,0.111,5.4,22,23,False,7,4,7,11,77,0.602,227,0.568,307,0.548,270,0.527
LUZ_2022_R09_HSC,2022-23,9,2022-10-29,19:30,Saturday evening,LUZ,STV Willisau,Willisau,LU,Dreifachhalle Willisau,1800,HSC,HSC Suhr Aarau,Competitive,True,0.61,0.66,0.47,True,0.65,Group,1,1,0.0,False,0.43,Occasional Neutral,0.25,1.0,1.0,0.783,1374,53287,29.6,18,32,58,85,Early Surge,0.34,0.87,0.95,0.221,10.7,27,27,False,5,7,11,7,119,0.826,342,0.76,493,0.783,420,0.729
BSV_2022_R10_THG,2022-23,10,2022-11-05,17:00,Saturday afternoon,BSV,BSV Bern,Bern,BE,PostFinance Arena (Handball Hall),3800,THG,Handball Thurgau,Standard,False,0.37,0.19,0.69,True,1.25,Group,1,2,0.0,False,0.66,Premium Seeker,0.15,1.0,1.0,0.849,3205,124642,32.8,18,32,58,85,Flat,0.4,0.72,0.86,0.179,8.6,23,24,False,9,1,6,14,272,0.895,822,0.865,1132,0.851,979,0.805
RTV_2022_R10_WIN2,2022-23,10,2022-11-05,19:30,Saturday evening,RTV,RTV Basel,Basel,BS,St. Jakobshalle,4200,WIN2,Pfadi Winterthur,Competitive,False,0.35,0.66,0.21,True,1.56,Group,1,2,0.0,False,0.85,Value Loyalist,0.25,1.0,1.0,0.768,3186,124293,29.59,18,32,58,85,Flat,0.37,0.72,0.87,0.194,9.4,25,20,True,1,10,14,3,269,0.801,830,0.79,1123,0.764,964,0.717
GC_2022_R10_THU,2022-23,10,2022-11-05,19:30,Saturday evening,GC,Grasshopper Club Zürich,Zürich,ZH,Sporthalle Deutweg,3200,THU,TSV Oftringen,Standard,False,0.36,0.54,0.34,True,1.06,Group,1,2,0.0,False,0.45,Premium Seeker,0.15,1.0,1.0,0.724,2251,87556,27.36,18,32,58,85,Flat,0.38,0.7,0.86,0.063,3.1,30,27,True,2,8,14,7,198,0.773,565,0.706,798,0.713,690,0.674
KAD_2022_R10_LUZ,2022-23,10,2022-11-05,19:30,Saturday evening,KAD,Kadetten Schaffhausen,Schaffhausen,SH,Kammgarnhalle,2800,LUZ,STV Willisau,Standard,False,0.34,0.56,0.63,True,0.23,Group,1,0,0.0,False,0.73,Atmosphere Seeker,0.15,1.0,1.0,0.665,1829,70985,25.35,18,32,58,85,Flat,0.36,0.69,0.85,0.142,6.8,20,24,False,6,4,9,13,159,0.71,456,0.651,655,0.669,559,0.624
WIN_2022_R10_HSC,2022-23,10,2022-11-05,19:30,Saturday evening,WIN,TV Winterthur,Winterthur,ZH,Eulachpark,2200,HSC,HSC Suhr Aarau,Competitive,False,0.59,0.7,0.48,False,0.0,Group,1,1,0.05,False,0.43,Value Loyalist,0.1,1.0,1.0,0.544,1152,44823,20.37,18,32,58,85,Consistent Gradual,0.2,0.64,0.84,0.01,0.5,34,32,True,4,7,13,7,101,0.574,293,0.533,400,0.519,358,0.509
WIN2_2022_R11_BSV,2022-23,11,2022-11-12,19:30,Saturday evening,WIN2,Pfadi Winterthur,Winterthur,ZH,Sportpark Deutweg,2000,BSV,BSV Bern,Elite,False,0.4,0.17,0.15,True,2.0,Group,1,2,0.0,False,0.42,Value Loyalist,0.36,1.0,1.0,0.775,1500,58080,29.04,18,32,58,85,Early Surge,0.32,0.85,0.96,0.265,12.8,30,29,True,10,9,5,6,128,0.8,382,0.764,516,0.737,474,0.741
THU_2022_R11_THG,2022-23,11,2022-11-12,19:30,Saturday evening,THU,TSV Oftringen,Oftringen,AG,Athletik Zentrum Oftringen,1600,THG,Handball Thurgau,Standard,False,0.38,0.27,0.75,False,0.0,Group,1,2,0.0,False,0.53,Occasional Neutral,0.0,1.0,1.0,0.45,714,27651,17.28,18,32,58,85,Flat,0.39,0.7,0.84,0.0,0.0,29,30,False,8,1,7,16,61,0.477,181,0.453,248,0.443,224,0.438
LUZ_2022_R11_RTV,2022-23,11,2022-11-12,19:30,Saturday evening,LUZ,STV Willisau,Willisau,LU,Dreifachhalle Willisau,1800,RTV,RTV Basel,Elite,False,0.59,0.7,0.73,True,1.34,Group,1,1,0.0,False,0.82,Occasional Neutral,0.36,1.0,1.0,0.819,1451,56168,31.2,18,32,58,85,Early Surge,0.34,0.86,0.97,0.34,16.4,27,26,True,2,3,15,14,120,0.833,377,0.838,495,0.786,459,0.797
HSC_2022_R11_GC,2022-23,11,2022-11-12,19:30,Saturday evening,HSC,HSC Suhr Aarau,Aarau,AG,Swiss Arena Bubble,2600,GC,Grasshopper Club Zürich,Elite,False,0.83,0.38,0.63,True,2.5,Group,1,2,0.0,False,0.16,Atmosphere Seeker,0.36,1.0,1.0,0.852,2208,85325,32.82,18,32,58,85,Early Surge,0.32,0.88,0.95,0.339,16.4,33,34,False,7,1,7,16,187,0.899,554,0.852,778,0.856,689,0.828
WIN_2022_R11_KAD,2022-23,11,2022-11-12,19:30,Saturday evening,WIN,TV Winterthur,Winterthur,ZH,Eulachpark,2200,KAD,Kadetten Schaffhausen,Competitive,True,0.71,0.76,0.44,True,1.01,Group,1,0,0.0,False,0.4,Value Loyalist,0.25,1.0,1.0,0.899,1922,75034,34.11,18,32,58,85,Early Surge,0.32,0.88,0.96,0.27,13.0,31,28,True,3,6,15,9,164,0.932,500,0.909,675,0.877,583,0.828
BSV_2022_R12_THU,2022-23,12,2022-11-19,17:00,Saturday afternoon,BSV,BSV Bern,Bern,BE,PostFinance Arena (Handball Hall),3800,THU,TSV Oftringen,Standard,False,0.41,0.12,0.22,True,0.55,Group,1,0,0.0,False,0.53,Premium Seeker,0.15,1.0,1.0,0.771,2857,112122,29.51,18,32,58,85,Flat,0.38,0.7,0.86,0.156,7.5,26,27,False,9,7,6,9,252,0.829,753,0.793,978,0.735,874,0.719
WIN2_2022_R12_LUZ,2022-23,12,2022-11-19,19:30,Saturday evening,WIN2,Pfadi Winterthur,Winterthur,ZH,Sportpark Deutweg,2000,LUZ,STV Willisau,Standard,False,0.35,0.34,0.76,True,0.75,Group,1,2,0.0,False,0.52,Value Loyalist,0.15,1.0,1.0,0.571,1130,43976,21.99,18,32,58,85,Flat,0.37,0.7,0.86,0.165,7.9,24,28,False,10,1,5,17,98,0.613,292,0.584,385,0.55,355,0.555
THG_2022_R12_HSC,2022-23,12,2022-11-19,19:30,Saturday evening,THG,Handball Thurgau,Kreuzlingen,TG,Bodenseearena,1500,HSC,HSC Suhr Aarau,Competitive,False,0.17,0.8,0.31,True,0.65,Group,1,0,0.12,False,0.47,Occasional Neutral,0.25,1.0,1.0,0.542,797,30816,20.54,18,32,58,85,Consistent Gradual,0.24,0.65,0.83,0.085,4.1,19,22,False,3,7,16,9,66,0.55,206,0.549,272,0.518,253,0.527
RTV_2022_R12_WIN,2022-23,12,2022-11-19,17:00,Saturday afternoon,RTV,RTV Basel,Basel,BS,St. Jakobshalle,4200,WIN,TV Winterthur,Competitive,False,0.39,0.58,0.81,True,2.12,Group,1,1,0.0,False,0.33,Value Loyalist,0.25,1.0,1.0,0.857,3537,137817,32.81,18,32,58,85,Flat,0.37,0.7,0.86,0.226,10.9,31,28,True,2,5,16,15,295,0.878,926,0.882,1239,0.843,1077,0.801
GC_2022_R12_KAD,2022-23,12,2022-11-20,16:00,Sunday afternoon,GC,Grasshopper Club Zürich,Zürich,ZH,Sporthalle Deutweg,3200,KAD,Kadetten Schaffhausen,Competitive,True,0.12,0.71,0.36,True,1.65,Group,1,0,0.0,False,0.66,Premium Seeker,0.25,1.0,1.0,1.0,3165,121467,37.96,18,32,58,85,Early Surge,0.32,0.87,0.95,0.358,17.3,22,26,False,3,6,16,11,251,0.98,800,1.0,1120,1.0,994,0.971
HSC_2022_R13_THU,2022-23,13,2022-11-23,19:30,Weekday evening,HSC,HSC Suhr Aarau,Aarau,AG,Swiss Arena Bubble,2600,THU,TSV Oftringen,Standard,False,0.67,0.45,0.37,False,0.0,Group,1,1,0.0,False,0.76,Atmosphere Seeker,0.0,1.0,1.05,0.514,1314,50937,19.59,18,32,58,85,Flat,0.39,0.71,0.86,0.047,2.3,19,21,False,8,7,9,11,115,0.553,332,0.511,450,0.495,417,0.501
WIN_2022_R13_WIN2,2022-23,13,2022-11-26,17:00,Saturday afternoon,WIN,TV Winterthur,Winterthur,ZH,Eulachpark,2200,WIN2,Pfadi Winterthur,Competitive,False,0.39,0.65,0.27,True,1.53,Group,1,0,0.0,False,0.73,Value Loyalist,0.25,1.0,1.05,0.79,1717,66630,30.29,18,32,58,85,Flat,0.36,0.68,0.85,0.129,6.2,28,27,True,1,10,17,5,148,0.841,431,0.784,612,0.795,526,0.747
KAD_2022_R13_THG,2022-23,13,2022-11-26,19:30,Saturday evening,KAD,Kadetten Schaffhausen,Schaffhausen,SH,Kammgarnhalle,2800,THG,Handball Thurgau,Standard,False,0.66,0.48,0.64,True,0.23,Group,1,1,0.0,False,0.32,Atmosphere Seeker,0.15,1.0,1.05,0.684,1898,74015,26.43,18,32,58,85,Flat,0.38,0.71,0.84,0.063,3.0,30,31,False,6,1,11,18,165,0.737,491,0.701,654,0.668,588,0.656
GC_2022_R13_RTV,2022-23,13,2022-11-26,19:30,Saturday evening,GC,Grasshopper Club Zürich,Zürich,ZH,Sporthalle Deutweg,3200,RTV,RTV Basel,Elite,True,0.36,0.56,0.67,True,2.23,Group,1,0,0.0,False,0.5,Premium Seeker,0.36,1.0,1.05,1.0,3134,120422,37.63,18,32,58,85,Early Surge,0.33,0.87,0.97,0.453,21.8,33,34,False,5,1,16,18,250,0.977,800,1.0,1090,0.973,994,0.971
LUZ_2022_R13_BSV,2022-23,13,2022-11-27,16:00,Sunday afternoon,LUZ,STV Willisau,Willisau,LU,Dreifachhalle Willisau,1800,BSV,BSV Bern,Elite,False,0.36,0.81,0.1,True,1.15,Group,1,2,0.0,False,0.25,Occasional Neutral,0.36,1.0,1.05,0.742,1314,50921,28.29,18,32,58,85,Flat,0.38,0.69,0.87,0.274,13.2,28,22,True,1,9,19,6,111,0.771,332,0.738,468,0.743,403,0.7
THG_2022_R14_RTV,2022-23,14,2022-11-30,19:30,Weekday evening,THG,Handball Thurgau,Kreuzlingen,TG,Bodenseearena,1500,RTV,RTV Basel,Elite,False,0.16,0.71,0.73,True,1.34,Group,1,1,0.0,False,0.46,Occasional Neutral,0.36,1.0,1.05,0.694,1020,39814,26.54,18,32,58,85,Flat,0.4,0.7,0.85,0.292,14.1,24,25,False,3,1,18,20,88,0.733,264,0.704,357,0.68,311,0.648
BSV_2022_R14_HSC,2022-23,14,2022-12-03,19:30,Saturday evening,BSV,BSV Bern,Bern,BE,PostFinance Arena (Handball Hall),3800,HSC,HSC Suhr Aarau,Competitive,True,0.62,0.08,0.36,True,1.91,Group,1,3,0.12,False,0.7,Premium Seeker,0.25,1.0,1.05,0.973,3640,140246,36.91,18,32,58,85,Early Surge,0.33,0.86,0.97,0.361,17.4,28,29,False,9,7,6,11,304,1.0,905,0.953,1297,0.975,1134,0.933
LUZ_2022_R14_WIN,2022-23,14,2022-12-03,19:30,Saturday evening,LUZ,STV Willisau,Willisau,LU,Dreifachhalle Willisau,1800,WIN,TV Winterthur,Competitive,False,0.41,0.85,0.72,True,0.78,Group,1,3,0.0,False,0.28,Occasional Neutral,0.25,1.0,1.05,0.624,1086,42416,23.56,18,32,58,85,Consistent Gradual,0.22,0.64,0.83,0.116,5.6,30,31,False,3,2,19,19,92,0.639,286,0.636,376,0.597,332,0.576
THU_2022_R14_KAD,2022-23,14,2022-12-03,19:30,Saturday evening,THU,TSV Oftringen,Oftringen,AG,Athletik Zentrum Oftringen,1600,KAD,Kadetten Schaffhausen,Competitive,False,0.41,0.5,0.39,True,0.23,Group,1,2,0.0,False,0.15,Occasional Neutral,0.25,1.0,1.05,0.629,989,38115,23.82,18,32,58,85,Consistent Gradual,0.24,0.62,0.85,0.171,8.2,28,27,True,6,7,13,11,83,0.648,247,0.618,348,0.621,311,0.607
WIN2_2022_R14_GC,2022-23,14,2022-12-03,17:00,Saturday afternoon,WIN2,Pfadi Winterthur,Winterthur,ZH,Sportpark Deutweg,2000,GC,Grasshopper Club Zürich,Elite,True,0.36,0.22,0.45,True,2.17,Group,1,2,0.0,False,0.25,Value Loyalist,0.36,1.0,1.05,0.967,1881,72989,36.49,18,32,58,85,Early Surge,0.34,0.87,0.95,0.502,24.2,27,22,True,9,5,7,16,157,0.981,485,0.97,658,0.94,581,0.908
WIN_2022_R15_BSV,2022-23,15,2022-12-10,19:30,Saturday evening,WIN,TV Winterthur,Winterthur,ZH,Eulachpark,2200,BSV,BSV Bern,Elite,False,0.66,0.77,0.06,True,1.22,Playoff,2,2,0.05,False,0.28,Value Loyalist,0.5,1.0,1.05,1.0,2133,82756,37.62,18,32,58,85,Early Surge,0.32,0.87,0.96,0.446,21.5,30,29,True,1,10,21,6,176,1.0,550,1.0,755,0.981,652,0.926
KAD_2022_R15_HSC,2022-23,15,2022-12-10,19:30,Saturday evening,KAD,Kadetten Schaffhausen,Schaffhausen,SH,Kammgarnhalle,2800,HSC,HSC Suhr Aarau,Competitive,False,0.33,0.31,0.49,True,0.88,Final,3,2,0.0,False,0.3,Atmosphere Seeker,0.53,1.0,1.05,1.0,2747,105464,37.67,18,32,58,85,Late Surge,0.02,0.31,0.69,0.484,23.3,24,25,False,8,6,11,13,224,1.0,684,0.977,975,0.996,864,0.964
GC_2022_R15_LUZ,2022-23,15,2022-12-10,19:30,Saturday evening,GC,Grasshopper Club Zürich,Zürich,ZH,Sporthalle Deutweg,3200,LUZ,STV Willisau,Standard,False,0.84,0.36,0.68,True,1.85,Final,3,3,0.12,False,0.34,Premium Seeker,0.43,1.0,1.05,1.0,3132,120805,37.75,18,32,58,85,Late Surge,0.04,0.3,0.66,0.515,24.8,21,26,False,5,2,16,21,255,0.996,800,1.0,1096,0.979,981,0.958
RTV_2022_R15_THU,2022-23,15,2022-12-10,19:30,Saturday evening,RTV,RTV Basel,Basel,BS,St. Jakobshalle,4200,THU,TSV Oftringen,Standard,False,0.37,0.79,0.6,True,1.34,Playoff,2,3,0.0,False,0.69,Value Loyalist,0.29,1.0,1.05,0.893,3636,141333,33.65,18,32,58,85,Late Surge,0.03,0.3,0.66,0.237,11.4,30,31,False,3,6,20,15,321,0.955,909,0.866,1287,0.876,1119,0.833
THG_2022_R15_WIN2,2022-23,15,2022-12-10,19:30,Saturday evening,THG,Handball Thurgau,Kreuzlingen,TG,Bodenseearena,1500,WIN2,Pfadi Winterthur,Competitive,True,0.36,0.57,0.37,False,0.0,Group,1,2,0.0,False,0.4,Occasional Neutral,0.1,1.0,1.05,0.616,906,35049,23.37,18,32,58,85,Consistent Gradual,0.22,0.63,0.82,0.104,5.0,27,27,False,4,9,19,8,77,0.642,230,0.613,313,0.596,286,0.596
THU_2022_R16_WIN2,2022-23,16,2022-12-14,19:30,Weekday evening,THU,TSV Oftringen,Oftringen,AG,Athletik Zentrum Oftringen,1600,WIN2,Pfadi Winterthur,Competitive,False,0.52,0.68,0.4,True,0.75,Group,1,3,0.05,False,0.41,Occasional Neutral,0.25,1.0,1.15,0.519,814,31454,19.66,18,32,58,85,Consistent Gradual,0.24,0.65,0.84,0.175,8.5,27,26,True,5,9,17,8,68,0.531,205,0.512,289,0.516,252,0.492
BSV_2022_R16_KAD,2022-23,16,2022-12-17,19:30,Saturday evening,BSV,BSV Bern,Bern,BE,PostFinance Arena (Handball Hall),3800,KAD,Kadetten Schaffhausen,Competitive,False,0.41,0.05,0.25,True,1.04,Group,1,3,0.0,False,0.2,Premium Seeker,0.25,1.0,1.15,0.914,3441,134262,35.33,18,32,58,85,Flat,0.37,0.71,0.86,0.336,16.2,26,27,False,10,7,6,13,294,0.967,889,0.936,1219,0.917,1039,0.854
WIN_2022_R16_GC,2022-23,16,2022-12-17,17:00,Saturday afternoon,WIN,TV Winterthur,Winterthur,ZH,Eulachpark,2200,GC,Grasshopper Club Zürich,Elite,True,0.91,0.82,0.29,True,2.63,Playoff,2,2,0.0,False,0.58,Value Loyalist,0.5,1.0,1.15,1.0,2136,82085,37.31,18,32,58,85,Early Surge,0.31,0.84,0.96,0.475,22.9,22,23,False,1,5,21,18,171,0.972,535,0.973,770,1.0,660,0.938
LUZ_2022_R16_THG,2022-23,16,2022-12-17,17:00,Saturday afternoon,LUZ,STV Willisau,Willisau,LU,Dreifachhalle Willisau,1800,THG,Handball Thurgau,Standard,False,0.52,0.74,0.56,False,0.0,Playoff,2,1,0.0,False,0.6,Occasional Neutral,0.14,1.0,1.15,0.752,1319,50988,28.33,18,32,58,85,Late Surge,0.03,0.31,0.68,0.014,0.7,27,28,False,2,3,21,21,112,0.778,335,0.744,453,0.719,419,0.727
HSC_2022_R16_RTV,2022-23,16,2022-12-18,16:00,Sunday afternoon,HSC,HSC Suhr Aarau,Aarau,AG,Swiss Arena Bubble,2600,RTV,RTV Basel,Elite,False,0.65,0.59,0.63,True,1.61,Group,1,1,0.0,False,0.7,Atmosphere Seeker,0.36,1.0,1.15,1.0,2511,96698,37.19,18,32,58,85,Early Surge,0.35,0.86,0.98,0.379,18.3,23,25,False,8,1,13,22,202,0.971,631,0.971,909,1.0,769,0.924
GC_2022_R17_BSV,2022-23,17,2022-12-24,19:30,Saturday evening,GC,Grasshopper Club Zürich,Zürich,ZH,Sporthalle Deutweg,3200,BSV,BSV Bern,Elite,False,0.41,0.43,0.04,True,3.1,Group,1,3,0.0,True,0.51,Premium Seeker,0.36,1.0,1.15,1.0,3120,120278,37.59,18,32,58,85,Early Surge,0.32,0.86,0.95,0.431,20.8,31,34,False,5,9,18,8,256,1.0,800,1.0,1069,0.954,995,0.972
THG_2022_R17_WIN,2022-23,17,2022-12-24,17:00,Saturday afternoon,THG,Handball Thurgau,Kreuzlingen,TG,Bodenseearena,1500,WIN,TV Winterthur,Competitive,True,0.51,0.65,0.66,True,0.78,Group,1,2,0.0,True,0.34,Occasional Neutral,0.25,1.0,1.15,0.655,986,38193,25.46,18,32,58,85,Consistent Gradual,0.21,0.64,0.83,0.192,9.3,31,32,False,4,1,21,23,83,0.692,251,0.669,346,0.659,306,0.637
WIN2_2022_R17_HSC,2022-23,17,2022-12-24,17:00,Saturday afternoon,WIN2,Pfadi Winterthur,Winterthur,ZH,Sportpark Deutweg,2000,HSC,HSC Suhr Aarau,Competitive,False,0.6,0.32,0.47,True,0.75,Group,1,2,0.0,True,0.07,Value Loyalist,0.25,1.0,1.15,0.649,1273,49279,24.64,18,32,58,85,Consistent Gradual,0.22,0.65,0.83,0.155,7.5,29,27,True,9,8,10,13,107,0.669,328,0.656,434,0.62,404,0.631
THU_2022_R17_LUZ,2022-23,17,2022-12-24,17:00,Saturday afternoon,THU,TSV Oftringen,Oftringen,AG,Athletik Zentrum Oftringen,1600,LUZ,STV Willisau,Standard,True,0.52,0.74,0.59,False,0.0,Group,1,2,0.12,True,0.17,Occasional Neutral,0.0,1.0,1.15,0.562,874,33921,21.2,18,32,58,85,Flat,0.38,0.71,0.85,0.114,5.5,27,28,False,6,2,17,23,77,0.602,219,0.547,305,0.545,273,0.533
RTV_2022_R17_KAD,2022-23,17,2022-12-25,16:00,Sunday afternoon,RTV,RTV Basel,Basel,BS,St. Jakobshalle,4200,KAD,Kadetten Schaffhausen,Competitive,False,0.28,0.7,0.4,True,1.57,Playoff,2,1,0.0,True,0.61,Value Loyalist,0.39,1.0,1.15,1.0,4115,158961,37.85,18,32,58,85,Late Surge,0.02,0.33,0.67,0.302,14.6,22,24,False,3,7,22,15,333,0.991,1050,1.0,1470,1.0,1262,0.939
BSV_2022_R18_RTV,2022-23,18,2022-12-28,19:30,Weekday evening,BSV,BSV Bern,Bern,BE,PostFinance Arena (Handball Hall),3800,RTV,RTV Basel,Elite,True,0.71,0.23,0.56,True,2.6,Group,1,2,0.0,True,0.62,Premium Seeker,0.36,1.0,1.15,1.0,3653,141762,37.31,18,32,58,85,Early Surge,0.34,0.87,0.95,0.484,23.4,27,26,True,9,3,10,22,302,0.993,946,0.996,1281,0.963,1124,0.924
GC_2022_R18_THG,2022-23,18,2022-12-31,19:30,Saturday evening,GC,Grasshopper Club Zürich,Zürich,ZH,Sporthalle Deutweg,3200,THG,Handball Thurgau,Standard,False,0.63,0.35,0.52,True,1.85,Group,1,1,0.05,True,0.52,Premium Seeker,0.15,1.0,1.15,0.803,2535,98101,30.66,18,32,58,85,Flat,0.4,0.69,0.85,0.198,9.5,28,18,True,5,4,20,21,219,0.855,631,0.789,897,0.801,788,0.77
KAD_2022_R18_WIN2,2022-23,18,2022-12-31,19:30,Saturday evening,KAD,Kadetten Schaffhausen,Schaffhausen,SH,Kammgarnhalle,2800,WIN2,Pfadi Winterthur,Competitive,False,0.16,0.52,0.45,True,0.23,Group,1,2,0.0,True,0.25,Atmosphere Seeker,0.25,1.0,1.15,0.851,2305,89620,32.01,18,32,58,85,Flat,0.37,0.7,0.86,0.227,10.9,27,31,False,7,9,15,12,200,0.893,583,0.833,815,0.832,707,0.789
WIN_2022_R18_THU,2022-23,18,2022-12-31,19:30,Saturday evening,WIN,TV Winterthur,Winterthur,ZH,Eulachpark,2200,THU,TSV Oftringen,Standard,False,0.36,0.72,0.59,True,0.78,Playoff,2,1,0.0,True,0.62,Value Loyalist,0.29,1.0,1.15,0.959,2076,80216,36.46,18,32,58,85,Late Surge,0.04,0.31,0.68,0.313,15.1,25,26,False,1,6,23,19,176,1.0,516,0.938,744,0.966,640,0.909
HSC_2022_R18_LUZ,2022-23,18,2022-12-31,19:30,Saturday evening,HSC,HSC Suhr Aarau,Aarau,AG,Swiss Arena Bubble,2600,LUZ,STV Willisau,Standard,True,0.59,0.38,0.68,True,0.65,Group,1,3,0.0,True,0.32,Atmosphere Seeker,0.15,1.0,1.15,0.797,2006,78206,30.08,18,32,58,85,Early Surge,0.34,0.87,0.96,0.206,9.9,27,28,False,8,1,13,25,176,0.846,513,0.789,699,0.769,618,0.743
THG_2023_R01_BSV,2023-24,1,2023-09-02,19:30,Saturday evening,THG,Handball Thurgau,Kreuzlingen,TG,Bodenseearena,1500,BSV,BSV Bern,Elite,False,0.29,0.41,0.39,True,1.25,Group,1,1,0.0,False,0.22,Occasional Neutral,0.36,1.05,1.08,0.745,1096,42677,28.45,18,32,58,85,Flat,0.37,0.7,0.85,0.295,14.2,18,24,False,10,1,0,2,95,0.792,283,0.755,376,0.716,342,0.713
LUZ_2023_R01_KAD,2023-24,1,2023-09-02,19:30,Saturday evening,LUZ,STV Willisau,Willisau,LU,Dreifachhalle Willisau,1800,KAD,Kadetten Schaffhausen,Competitive,False,0.27,0.74,0.41,True,0.23,Group,1,0,0.0,False,0.4,Occasional Neutral,0.25,1.05,1.08,0.752,1312,50890,28.27,18,32,58,85,Flat,0.39,0.71,0.85,0.176,8.5,29,32,False,7,2,0,2,114,0.792,332,0.738,454,0.721,412,0.715
HSC_2023_R01_WIN,2023-24,1,2023-09-02,19:30,Saturday evening,HSC,HSC Suhr Aarau,Aarau,AG,Swiss Arena Bubble,2600,WIN,TV Winterthur,Competitive,False,0.67,0.3,0.58,True,0.65,Group,1,1,0.08,False,0.71,Atmosphere Seeker,0.25,1.05,1.08,0.719,1830,70853,27.25,18,32,58,85,Consistent Gradual,0.21,0.65,0.85,0.17,8.2,27,28,False,6,3,0,2,159,0.764,454,0.698,650,0.715,567,0.681
WIN2_2023_R01_RTV,2023-24,1,2023-09-03,16:00,Sunday afternoon,WIN2,Pfadi Winterthur,Winterthur,ZH,Sportpark Deutweg,2000,RTV,RTV Basel,Elite,False,0.48,0.56,0.45,True,2.09,Group,1,0,0.0,False,0.35,Value Loyalist,0.36,1.05,1.08,0.905,1772,68742,34.37,18,32,58,85,Early Surge,0.33,0.88,0.97,0.477,23.0,26,25,True,4,5,2,0,154,0.963,449,0.898,612,0.874,557,0.87
THU_2023_R01_GC,2023-24,1,2023-09-03,16:00,Sunday afternoon,THU,TSV Oftringen,Oftringen,AG,Athletik Zentrum Oftringen,1600,GC,Grasshopper Club Zürich,Elite,False,0.49,0.68,0.48,True,1.85,Group,1,1,0.0,False,0.31,Occasional Neutral,0.36,1.05,1.08,0.772,1218,46941,29.34,18,32,58,85,Early Surge,0.34,0.84,0.95,0.279,13.5,28,29,False,9,2,0,2,103,0.805,301,0.752,434,0.775,380,0.742
BSV_2023_R02_WIN2,2023-24,2,2023-09-09,17:00,Saturday afternoon,BSV,BSV Bern,Bern,BE,PostFinance Arena (Handball Hall),3800,WIN2,Pfadi Winterthur,Competitive,False,0.52,0.51,0.65,True,0.7,Group,1,0,0.0,False,0.34,Premium Seeker,0.25,1.05,1.08,1.0,3732,144124,37.93,18,32,58,85,Flat,0.38,0.69,0.85,0.359,17.3,29,20,True,1,5,4,2,304,1.0,949,0.999,1330,1.0,1149,0.945
THG_2023_R02_THU,2023-24,2,2023-09-09,19:30,Saturday evening,THG,Handball Thurgau,Kreuzlingen,TG,Bodenseearena,1500,THU,TSV Oftringen,Standard,False,0.3,0.33,0.54,False,0.0,Group,1,0,0.0,False,0.57,Occasional Neutral,0.0,1.05,1.08,0.491,710,27555,18.37,18,32,58,85,Flat,0.38,0.69,0.84,0.061,2.9,27,28,False,10,5,0,2,61,0.508,179,0.477,252,0.48,218,0.454
RTV_2023_R02_LUZ,2023-24,2,2023-09-09,17:00,Saturday afternoon,RTV,RTV Basel,Basel,BS,St. Jakobshalle,4200,LUZ,STV Willisau,Standard,False,0.67,0.36,0.59,True,1.34,Group,1,1,0.0,False,0.59,Value Loyalist,0.15,1.05,1.08,0.863,3548,137594,32.76,18,32,58,85,Flat,0.38,0.69,0.87,0.169,8.1,29,21,True,2,9,2,0,302,0.899,909,0.866,1224,0.833,1113,0.828
KAD_2023_R02_WIN,2023-24,2,2023-09-09,19:30,Saturday evening,KAD,Kadetten Schaffhausen,Schaffhausen,SH,Kammgarnhalle,2800,WIN,TV Winterthur,Competitive,True,0.77,0.53,0.66,True,1.01,Group,1,1,0.0,False,0.21,Atmosphere Seeker,0.25,1.05,1.08,1.0,2706,104904,37.47,18,32,58,85,Early Surge,0.33,0.87,0.97,0.354,17.1,18,28,False,5,2,2,4,224,1.0,700,1.0,942,0.962,840,0.938
GC_2023_R02_HSC,2023-24,2,2023-09-10,16:00,Sunday afternoon,GC,Grasshopper Club Zürich,Zürich,ZH,Sporthalle Deutweg,3200,HSC,HSC Suhr Aarau,Competitive,False,0.67,0.58,0.24,True,2.08,Group,1,1,0.12,False,0.61,Premium Seeker,0.25,1.05,1.08,0.885,2785,107634,33.64,18,32,58,85,Flat,0.39,0.7,0.87,0.244,11.8,22,26,False,4,6,2,2,238,0.93,697,0.871,977,0.872,873,0.853
THU_2023_R03_BSV,2023-24,3,2023-09-16,19:30,Saturday evening,THU,TSV Oftringen,Oftringen,AG,Athletik Zentrum Oftringen,1600,BSV,BSV Bern,Elite,False,0.33,0.63,0.61,True,1.25,Group,1,1,0.0,False,0.89,Occasional Neutral,0.36,1.05,1.08,0.82,1261,48896,30.56,18,32,58,85,Early Surge,0.33,0.85,0.97,0.35,16.9,22,22,False,3,1,3,5,106,0.828,322,0.805,444,0.793,389,0.76
LUZ_2023_R03_WIN2,2023-24,3,2023-09-16,17:00,Saturday afternoon,LUZ,STV Willisau,Willisau,LU,Dreifachhalle Willisau,1800,WIN2,Pfadi Winterthur,Competitive,False,0.28,0.47,0.52,True,0.75,Group,1,1,0.0,False,0.37,Occasional Neutral,0.25,1.05,1.08,0.738,1298,50264,27.92,18,32,58,85,Consistent Gradual,0.23,0.64,0.85,0.109,5.2,24,16,True,8,9,2,2,114,0.792,323,0.718,453,0.719,408,0.708
HSC_2023_R03_THG,2023-24,3,2023-09-16,19:30,Saturday evening,HSC,HSC Suhr Aarau,Aarau,AG,Swiss Arena Bubble,2600,THG,Handball Thurgau,Standard,False,0.14,0.39,0.26,True,0.65,Group,1,0,0.0,False,0.63,Atmosphere Seeker,0.15,1.05,1.08,0.809,2064,80144,30.82,18,32,58,85,Flat,0.37,0.68,0.83,0.246,11.9,29,16,True,3,10,4,0,174,0.837,531,0.817,721,0.793,638,0.767
WIN_2023_R03_RTV,2023-24,3,2023-09-17,16:00,Sunday afternoon,WIN,TV Winterthur,Winterthur,ZH,Eulachpark,2200,RTV,RTV Basel,Elite,False,0.51,0.73,0.49,True,0.81,Group,1,1,0.0,False,0.32,Value Loyalist,0.36,1.05,1.08,0.894,1944,74695,33.95,18,32,58,85,Early Surge,0.35,0.85,0.97,0.349,16.8,23,20,True,1,5,6,2,163,0.926,477,0.867,693,0.9,611,0.868
KAD_2023_R03_GC,2023-24,3,2023-09-17,16:00,Sunday afternoon,KAD,Kadetten Schaffhausen,Schaffhausen,SH,Kammgarnhalle,2800,GC,Grasshopper Club Zürich,Elite,True,0.09,0.43,0.46,True,1.28,Group,1,1,0.0,False,0.46,Atmosphere Seeker,0.36,1.05,1.08,1.0,2699,104708,37.4,18,32,58,85,Early Surge,0.32,0.88,0.95,0.504,24.3,31,30,True,3,7,4,2,224,1.0,700,1.0,937,0.957,838,0.935
BSV_2023_R04_LUZ,2023-24,4,2023-09-23,19:30,Saturday evening,BSV,BSV Bern,Bern,BE,PostFinance Arena (Handball Hall),3800,LUZ,STV Willisau,Standard,False,0.49,0.59,0.58,True,1.25,Group,1,0,0.0,False,0.18,Premium Seeker,0.15,1.05,1.0,1.0,3718,142950,37.62,18,32,58,85,Flat,0.39,0.7,0.85,0.22,10.6,28,29,False,2,5,5,4,298,0.98,950,1.0,1290,0.97,1180,0.97
WIN2_2023_R04_WIN,2023-24,4,2023-09-23,19:30,Saturday evening,WIN2,Pfadi Winterthur,Winterthur,ZH,Sportpark Deutweg,2000,WIN,TV Winterthur,Competitive,True,0.51,0.42,0.78,True,1.53,Group,1,1,0.0,False,0.19,Value Loyalist,0.25,1.05,1.0,0.839,1620,62662,31.33,18,32,58,85,Early Surge,0.32,0.87,0.97,0.311,15.0,28,28,False,7,1,3,7,138,0.863,409,0.818,564,0.806,509,0.795
THG_2023_R04_KAD,2023-24,4,2023-09-23,17:00,Saturday afternoon,THG,Handball Thurgau,Kreuzlingen,TG,Bodenseearena,1500,KAD,Kadetten Schaffhausen,Competitive,False,0.53,0.21,0.54,True,0.23,Group,1,0,0.0,False,0.32,Occasional Neutral,0.25,1.05,1.0,0.621,911,35316,23.54,18,32,58,85,Consistent Gradual,0.22,0.65,0.84,0.224,10.8,34,35,False,10,2,0,6,78,0.65,231,0.616,318,0.606,284,0.592
RTV_2023_R04_GC,2023-24,4,2023-09-23,19:30,Saturday evening,RTV,RTV Basel,Basel,BS,St. Jakobshalle,4200,GC,Grasshopper Club Zürich,Elite,True,0.29,0.39,0.37,True,2.81,Group,1,0,0.0,False,0.77,Value Loyalist,0.36,1.05,1.0,1.0,4053,157086,37.4,18,32,58,85,Early Surge,0.32,0.86,0.96,0.523,25.2,29,23,True,4,9,4,2,334,0.994,1050,1.0,1411,0.96,1258,0.936
THU_2023_R04_HSC,2023-24,4,2023-09-24,16:00,Sunday afternoon,THU,TSV Oftringen,Oftringen,AG,Athletik Zentrum Oftringen,1600,HSC,HSC Suhr Aarau,Competitive,True,0.54,0.61,0.51,True,0.65,Group,1,0,0.08,False,0.75,Occasional Neutral,0.25,1.05,1.0,0.816,1278,49651,31.03,18,32,58,85,Early Surge,0.34,0.86,0.98,0.29,14.0,27,23,True,4,6,5,4,107,0.836,334,0.835,437,0.78,400,0.781
HSC_2023_R05_BSV,2023-24,5,2023-09-30,19:30,Saturday evening,HSC,HSC Suhr Aarau,Aarau,AG,Swiss Arena Bubble,2600,BSV,BSV Bern,Elite,True,0.5,0.41,0.47,True,1.2,Group,1,1,0.0,False,0.42,Atmosphere Seeker,0.36,1.05,1.0,1.0,2562,98236,37.78,18,32,58,85,Early Surge,0.31,0.88,0.95,0.551,26.6,30,31,False,6,1,4,7,202,0.971,650,1.0,899,0.989,811,0.975
WIN_2023_R05_LUZ,2023-24,5,2023-09-30,19:30,Saturday evening,WIN,TV Winterthur,Winterthur,ZH,Eulachpark,2200,LUZ,STV Willisau,Standard,False,0.33,0.73,0.66,True,0.78,Group,1,1,0.0,False,0.21,Value Loyalist,0.15,1.05,1.0,0.627,1362,53077,24.13,18,32,58,85,Flat,0.37,0.69,0.86,0.113,5.5,23,24,False,2,4,7,6,115,0.653,352,0.64,484,0.629,411,0.584
KAD_2023_R05_THU,2023-24,5,2023-09-30,19:30,Saturday evening,KAD,Kadetten Schaffhausen,Schaffhausen,SH,Kammgarnhalle,2800,THU,TSV Oftringen,Standard,False,0.53,0.63,0.68,True,0.23,Group,1,1,0.08,False,0.47,Atmosphere Seeker,0.15,1.05,1.0,0.67,1805,70505,25.18,18,32,58,85,Flat,0.39,0.68,0.84,0.174,8.4,18,25,False,4,3,6,7,155,0.692,472,0.674,625,0.638,553,0.617
GC_2023_R05_WIN2,2023-24,5,2023-09-30,17:00,Saturday afternoon,GC,Grasshopper Club Zürich,Zürich,ZH,Sporthalle Deutweg,3200,WIN2,Pfadi Winterthur,Competitive,False,0.49,0.3,0.43,True,2.6,Group,1,0,0.12,False,0.59,Premium Seeker,0.25,1.05,1.0,0.772,2434,94180,29.43,18,32,58,85,Flat,0.36,0.7,0.85,0.102,4.9,22,23,False,9,6,2,5,208,0.812,614,0.767,848,0.757,764,0.746
RTV_2023_R05_THG,2023-24,5,2023-09-30,19:30,Saturday evening,RTV,RTV Basel,Basel,BS,St. Jakobshalle,4200,THG,Handball Thurgau,Standard,False,0.13,0.51,0.17,True,0.96,Group,1,0,0.0,False,0.7,Value Loyalist,0.15,1.05,1.0,0.9,3715,143803,34.24,18,32,58,85,Flat,0.37,0.71,0.85,0.188,9.1,27,30,False,7,10,4,2,311,0.926,960,0.914,1264,0.86,1180,0.878
BSV_2023_R06_WIN,2023-24,6,2023-10-07,19:30,Saturday evening,BSV,BSV Bern,Bern,BE,PostFinance Arena (Handball Hall),3800,WIN,TV Winterthur,Competitive,False,0.73,0.57,0.58,True,1.15,Group,1,0,0.0,True,0.47,Premium Seeker,0.25,1.05,1.0,0.985,3636,140498,36.97,18,32,58,85,Flat,0.36,0.72,0.86,0.297,14.3,31,21,True,1,2,9,7,304,1.0,918,0.966,1283,0.965,1131,0.93
HSC_2023_R06_KAD,2023-24,6,2023-10-07,17:00,Saturday afternoon,HSC,HSC Suhr Aarau,Aarau,AG,Swiss Arena Bubble,2600,KAD,Kadetten Schaffhausen,Competitive,False,0.27,0.33,0.51,True,0.65,Group,1,0,0.0,True,0.4,Atmosphere Seeker,0.25,1.05,1.0,0.846,2103,81939,31.52,18,32,58,85,Flat,0.37,0.72,0.84,0.212,10.2,23,24,False,8,2,4,8,185,0.889,535,0.823,735,0.809,648,0.779
LUZ_2023_R06_GC,2023-24,6,2023-10-07,17:00,Saturday afternoon,LUZ,STV Willisau,Willisau,LU,Dreifachhalle Willisau,1800,GC,Grasshopper Club Zürich,Elite,False,0.67,0.73,0.24,True,1.42,Group,1,1,0.0,True,0.1,Occasional Neutral,0.36,1.05,1.0,0.833,1444,56292,31.27,18,32,58,85,Early Surge,0.33,0.87,0.96,0.358,17.3,29,28,True,3,9,8,2,126,0.875,369,0.82,507,0.805,442,0.767
THU_2023_R06_RTV,2023-24,6,2023-10-07,17:00,Saturday afternoon,THU,TSV Oftringen,Oftringen,AG,Athletik Zentrum Oftringen,1600,RTV,RTV Basel,Elite,False,0.3,0.75,0.41,True,0.91,Group,1,1,0.0,True,0.2,Occasional Neutral,0.36,1.05,1.0,0.705,1097,42228,26.39,18,32,58,85,Flat,0.37,0.69,0.85,0.232,11.2,29,28,True,2,7,9,4,92,0.719,276,0.69,377,0.673,352,0.688
WIN2_2023_R06_THG,2023-24,6,2023-10-08,16:00,Sunday afternoon,WIN2,Pfadi Winterthur,Winterthur,ZH,Sportpark Deutweg,2000,THG,Handball Thurgau,Standard,False,0.39,0.55,0.34,True,0.75,Group,1,1,0.0,True,0.21,Value Loyalist,0.15,1.05,1.0,0.58,1125,43410,21.7,18,32,58,85,Flat,0.36,0.68,0.87,0.177,8.5,27,31,False,6,9,5,4,96,0.6,281,0.562,392,0.56,356,0.556
KAD_2023_R07_BSV,2023-24,7,2023-10-14,19:30,Saturday evening,KAD,Kadetten Schaffhausen,Schaffhausen,SH,Kammgarnhalle,2800,BSV,BSV Bern,Elite,False,0.32,0.6,0.66,True,0.44,Group,1,1,0.0,True,0.16,Atmosphere Seeker,0.36,1.05,1.0,0.947,2639,102346,36.55,18,32,58,85,Early Surge,0.33,0.87,0.94,0.392,18.9,23,24,False,3,1,8,11,220,0.982,682,0.974,916,0.936,821,0.916
GC_2023_R07_WIN,2023-24,7,2023-10-14,19:30,Saturday evening,GC,Grasshopper Club Zürich,Zürich,ZH,Sporthalle Deutweg,3200,WIN,TV Winterthur,Competitive,False,0.73,0.19,0.47,True,1.41,Group,1,2,0.0,True,0.7,Premium Seeker,0.25,1.05,1.0,0.843,2640,102574,32.05,18,32,58,85,Flat,0.37,0.71,0.84,0.186,9.0,25,21,True,8,5,4,7,230,0.898,674,0.843,906,0.809,830,0.811
RTV_2023_R07_HSC,2023-24,7,2023-10-14,17:00,Saturday afternoon,RTV,RTV Basel,Basel,BS,St. Jakobshalle,4200,HSC,HSC Suhr Aarau,Competitive,False,0.52,0.33,0.26,True,1.99,Group,1,1,0.0,True,0.68,Value Loyalist,0.25,1.05,1.0,0.974,3965,154182,36.71,18,32,58,85,Flat,0.37,0.69,0.87,0.26,12.5,21,28,False,8,6,4,6,336,1.0,1021,0.972,1390,0.946,1218,0.906
THG_2023_R07_LUZ,2023-24,7,2023-10-14,19:30,Saturday evening,THG,Handball Thurgau,Kreuzlingen,TG,Bodenseearena,1500,LUZ,STV Willisau,Standard,False,0.42,0.47,0.78,False,0.0,Group,1,2,0.0,True,0.12,Occasional Neutral,0.0,1.05,1.0,0.463,676,26146,17.43,18,32,58,85,Flat,0.36,0.72,0.84,0.085,4.1,26,27,False,10,2,4,10,58,0.483,169,0.451,238,0.453,211,0.44
WIN2_2023_R07_THU,2023-24,7,2023-10-14,17:00,Saturday afternoon,WIN2,Pfadi Winterthur,Winterthur,ZH,Sportpark Deutweg,2000,THU,TSV Oftringen,Standard,False,0.62,0.44,0.8,True,0.75,Group,1,2,0.0,True,0.42,Value Loyalist,0.15,1.05,1.0,0.55,1075,41827,20.91,18,32,58,85,Flat,0.4,0.71,0.87,0.118,5.7,28,29,False,7,2,5,11,93,0.581,277,0.554,369,0.527,336,0.525
KAD_2023_R08_RTV,2023-24,8,2023-10-21,19:30,Saturday evening,KAD,Kadetten Schaffhausen,Schaffhausen,SH,Kammgarnhalle,2800,RTV,RTV Basel,Elite,False,0.23,0.48,0.26,True,0.61,Group,1,0,0.0,False,0.37,Atmosphere Seeker,0.36,1.05,1.0,1.0,2716,105294,37.6,18,32,58,85,Early Surge,0.31,0.85,0.96,0.461,22.2,30,28,True,3,8,10,4,224,1.0,700,1.0,957,0.978,835,0.932
WIN_2023_R08_THG,2023-24,8,2023-10-21,19:30,Saturday evening,WIN,TV Winterthur,Winterthur,ZH,Eulachpark,2200,THG,Handball Thurgau,Standard,False,0.41,0.37,0.37,True,0.78,Group,1,1,0.12,False,0.26,Value Loyalist,0.15,1.05,1.0,0.573,1231,47632,21.65,18,32,58,85,Flat,0.38,0.7,0.87,0.165,8.0,31,31,False,5,8,8,5,102,0.58,312,0.567,440,0.571,377,0.536
HSC_2023_R08_WIN2,2023-24,8,2023-10-21,19:30,Saturday evening,HSC,HSC Suhr Aarau,Aarau,AG,Swiss Arena Bubble,2600,WIN2,Pfadi Winterthur,Competitive,False,0.68,0.41,0.35,True,1.4,Group,1,1,0.0,False,0.25,Atmosphere Seeker,0.25,1.05,1.0,0.742,1907,73855,28.41,18,32,58,85,Consistent Gradual,0.21,0.64,0.85,0.202,9.7,22,23,False,7,6,6,7,161,0.774,483,0.743,673,0.74,590,0.709
LUZ_2023_R08_THU,2023-24,8,2023-10-21,19:30,Saturday evening,LUZ,STV Willisau,Willisau,LU,Dreifachhalle Willisau,1800,THU,TSV Oftringen,Standard,True,0.42,0.83,0.84,False,0.0,Group,1,1,0.0,False,0.36,Occasional Neutral,0.0,1.05,1.0,0.585,1040,40363,22.42,18,32,58,85,Flat,0.37,0.7,0.86,0.093,4.5,28,27,True,1,3,12,11,89,0.618,266,0.591,360,0.571,325,0.564
BSV_2023_R08_GC,2023-24,8,2023-10-22,16:00,Sunday afternoon,BSV,BSV Bern,Bern,BE,PostFinance Arena (Handball Hall),3800,GC,Grasshopper Club Zürich,Elite,False,0.32,0.73,0.35,True,3.1,Group,1,1,0.0,False,0.35,Premium Seeker,0.36,1.05,1.0,1.0,3735,143810,37.84,18,32,58,85,Early Surge,0.32,0.85,0.95,0.429,20.7,29,28,True,1,10,13,4,300,0.987,950,1.0,1320,0.992,1165,0.958
RTV_2023_R09_BSV,2023-24,9,2023-10-28,19:30,Saturday evening,RTV,RTV Basel,Basel,BS,St. Jakobshalle,4200,BSV,BSV Bern,Elite,True,0.77,0.21,0.78,True,0.98,Group,1,1,0.0,False,0.53,Value Loyalist,0.36,1.05,1.0,1.0,4071,157978,37.61,18,32,58,85,Early Surge,0.32,0.88,0.98,0.473,22.8,25,16,True,7,1,6,13,336,1.0,1050,1.0,1442,0.981,1243,0.925
THG_2023_R09_GC,2023-24,9,2023-10-28,19:30,Saturday evening,THG,Handball Thurgau,Kreuzlingen,TG,Bodenseearena,1500,GC,Grasshopper Club Zürich,Elite,False,0.7,0.4,0.28,True,1.42,Group,1,1,0.0,False,0.48,Occasional Neutral,0.36,1.05,1.0,0.688,996,38667,25.78,18,32,58,85,Flat,0.4,0.72,0.86,0.303,14.6,27,31,False,10,8,5,6,87,0.725,252,0.672,345,0.657,312,0.65
WIN2_2023_R09_KAD,2023-24,9,2023-10-28,17:00,Saturday afternoon,WIN2,Pfadi Winterthur,Winterthur,ZH,Sportpark Deutweg,2000,KAD,Kadetten Schaffhausen,Competitive,False,0.13,0.48,0.59,True,0.75,Group,1,2,0.0,False,0.63,Value Loyalist,0.25,1.05,1.0,0.759,1510,58661,29.33,18,32,58,85,Flat,0.37,0.71,0.84,0.216,10.4,25,26,False,6,2,7,12,129,0.806,390,0.78,517,0.739,474,0.741
THU_2023_R09_WIN,2023-24,9,2023-10-28,17:00,Saturday afternoon,THU,TSV Oftringen,Oftringen,AG,Athletik Zentrum Oftringen,1600,WIN,TV Winterthur,Competitive,False,0.29,0.67,0.4,True,0.78,Group,1,0,0.0,False,0.3,Occasional Neutral,0.25,1.05,1.0,0.658,1028,39817,24.89,18,32,58,85,Consistent Gradual,0.24,0.64,0.84,0.158,7.6,25,26,False,4,5,11,10,89,0.695,256,0.64,365,0.652,318,0.621
LUZ_2023_R09_HSC,2023-24,9,2023-10-28,19:30,Saturday evening,LUZ,STV Willisau,Willisau,LU,Dreifachhalle Willisau,1800,HSC,HSC Suhr Aarau,Competitive,True,0.47,0.86,0.33,True,0.65,Group,1,2,0.0,False,0.38,Occasional Neutral,0.25,1.05,1.0,0.81,1454,56140,31.19,18,32,58,85,Early Surge,0.33,0.85,0.96,0.323,15.6,22,23,False,3,6,12,8,118,0.819,372,0.827,513,0.814,451,0.783
BSV_2023_R10_THG,2023-24,10,2023-11-04,17:00,Saturday afternoon,BSV,BSV Bern,Bern,BE,PostFinance Arena (Handball Hall),3800,THG,Handball Thurgau,Standard,False,0.2,0.63,0.32,True,1.25,Group,1,0,0.0,False,0.61,Premium Seeker,0.15,1.05,1.0,0.863,3227,126358,33.25,18,32,58,85,Flat,0.36,0.68,0.86,0.252,12.1,31,32,False,1,8,13,7,284,0.934,844,0.888,1106,0.832,993,0.817
RTV_2023_R10_WIN2,2023-24,10,2023-11-04,19:30,Saturday evening,RTV,RTV Basel,Basel,BS,St. Jakobshalle,4200,WIN2,Pfadi Winterthur,Competitive,False,0.6,0.37,0.38,True,2.09,Group,1,0,0.0,False,0.5,Value Loyalist,0.25,1.05,1.0,0.963,3990,153740,36.6,18,32,58,85,Flat,0.4,0.69,0.83,0.313,15.1,24,21,True,6,8,8,7,328,0.976,1003,0.955,1416,0.963,1243,0.925
GC_2023_R10_THU,2023-24,10,2023-11-04,19:30,Saturday evening,GC,Grasshopper Club Zürich,Zürich,ZH,Sporthalle Deutweg,3200,THU,TSV Oftringen,Standard,False,0.4,0.43,0.54,True,1.42,Group,1,0,0.0,False,0.25,Premium Seeker,0.15,1.05,1.0,0.828,2597,101045,31.58,18,32,58,85,Flat,0.37,0.7,0.87,0.297,14.3,24,25,False,10,2,6,13,227,0.887,657,0.821,915,0.817,798,0.779
KAD_2023_R10_LUZ,2023-24,10,2023-11-04,19:30,Saturday evening,KAD,Kadetten Schaffhausen,Schaffhausen,SH,Kammgarnhalle,2800,LUZ,STV Willisau,Standard,False,0.2,0.67,0.69,True,0.23,Group,1,0,0.0,False,0.54,Atmosphere Seeker,0.15,1.05,1.0,0.732,2009,78082,27.89,18,32,58,85,Flat,0.38,0.71,0.86,0.177,8.6,35,29,True,1,4,14,12,174,0.777,507,0.724,713,0.728,615,0.686
WIN_2023_R10_HSC,2023-24,10,2023-11-04,19:30,Saturday evening,WIN,TV Winterthur,Winterthur,ZH,Eulachpark,2200,HSC,HSC Suhr Aarau,Competitive,False,0.6,0.52,0.46,True,1.43,Group,1,1,0.0,False,0.37,Value Loyalist,0.25,1.05,1.0,0.714,1534,59249,26.93,18,32,58,85,Consistent Gradual,0.22,0.66,0.85,0.145,7.0,28,19,True,4,7,12,8,129,0.733,382,0.695,551,0.716,472,0.67
HSC_2023_R11_GC,2023-24,11,2023-11-08,19:30,Weekday evening,HSC,HSC Suhr Aarau,Aarau,AG,Swiss Arena Bubble,2600,GC,Grasshopper Club Zürich,Elite,False,0.6,0.37,0.34,True,2.5,Group,1,1,0.0,False,0.74,Atmosphere Seeker,0.36,1.05,1.0,0.719,1827,70557,27.14,18,32,58,85,Flat,0.38,0.7,0.84,0.274,13.2,30,31,False,8,7,8,8,155,0.745,462,0.711,629,0.692,581,0.698
WIN2_2023_R11_BSV,2023-24,11,2023-11-11,19:30,Saturday evening,WIN2,Pfadi Winterthur,Winterthur,ZH,Sportpark Deutweg,2000,BSV,BSV Bern,Elite,False,0.6,0.31,0.5,True,1.25,Group,1,1,0.0,False,0.26,Value Loyalist,0.36,1.05,1.0,0.799,1545,60022,30.01,18,32,58,85,Early Surge,0.34,0.87,0.97,0.265,12.8,25,26,False,9,1,7,15,132,0.825,398,0.796,532,0.76,483,0.755
LUZ_2023_R11_RTV,2023-24,11,2023-11-11,17:00,Saturday afternoon,LUZ,STV Willisau,Willisau,LU,Dreifachhalle Willisau,1800,RTV,RTV Basel,Elite,False,0.8,0.55,0.49,True,1.34,Group,1,2,0.0,False,0.61,Occasional Neutral,0.36,1.05,1.0,0.803,1442,56067,31.15,18,32,58,85,Early Surge,0.32,0.87,0.94,0.316,15.3,24,25,False,5,6,12,10,123,0.854,370,0.822,505,0.802,444,0.771
WIN_2023_R11_KAD,2023-24,11,2023-11-11,19:30,Saturday evening,WIN,TV Winterthur,Winterthur,ZH,Eulachpark,2200,KAD,Kadetten Schaffhausen,Competitive,True,0.7,0.61,0.74,True,1.01,Group,1,2,0.12,False,0.6,Value Loyalist,0.25,1.05,1.0,0.737,1584,61513,27.96,18,32,58,85,Consistent Gradual,0.22,0.62,0.86,0.232,11.2,26,27,False,4,1,12,16,137,0.778,402,0.731,553,0.718,492,0.699
THU_2023_R11_THG,2023-24,11,2023-11-12,16:00,Sunday afternoon,THU,TSV Oftringen,Oftringen,AG,Athletik Zentrum Oftringen,1600,THG,Handball Thurgau,Standard,False,0.2,0.63,0.46,False,0.0,Group,1,0,0.0,False,0.34,Occasional Neutral,0.0,1.05,1.0,0.458,716,27983,17.49,18,32,58,85,Flat,0.37,0.71,0.87,0.058,2.8,29,30,False,3,7,13,9,63,0.492,184,0.46,251,0.448,218,0.426
BSV_2023_R12_THU,2023-24,12,2023-11-18,19:30,Saturday evening,BSV,BSV Bern,Bern,BE,PostFinance Arena (Handball Hall),3800,THU,TSV Oftringen,Standard,False,0.3,0.6,0.5,True,1.25,Group,1,2,0.0,False,0.68,Premium Seeker,0.15,1.05,1.0,0.79,2958,114842,30.22,18,32,58,85,Flat,0.38,0.69,0.86,0.197,9.5,23,24,False,2,3,15,15,246,0.809,766,0.806,1034,0.777,912,0.75
WIN2_2023_R12_LUZ,2023-24,12,2023-11-18,19:30,Saturday evening,WIN2,Pfadi Winterthur,Winterthur,ZH,Sportpark Deutweg,2000,LUZ,STV Willisau,Standard,False,0.4,0.25,0.44,False,0.0,Group,1,0,0.0,False,0.39,Value Loyalist,0.0,1.05,1.0,0.56,1089,42277,21.14,18,32,58,85,Flat,0.36,0.69,0.85,0.033,1.6,29,30,False,10,4,7,14,93,0.581,276,0.552,386,0.551,334,0.522
THG_2023_R12_HSC,2023-24,12,2023-11-18,17:00,Saturday afternoon,THG,Handball Thurgau,Kreuzlingen,TG,Bodenseearena,1500,HSC,HSC Suhr Aarau,Competitive,False,0.2,0.56,0.3,True,0.65,Group,1,1,0.0,False,0.51,Occasional Neutral,0.25,1.05,1.0,0.585,844,32691,21.79,18,32,58,85,Consistent Gradual,0.22,0.66,0.86,0.154,7.4,28,30,False,8,7,9,10,71,0.592,216,0.576,293,0.558,264,0.55
GC_2023_R12_KAD,2023-24,12,2023-11-18,19:30,Saturday evening,GC,Grasshopper Club Zürich,Zürich,ZH,Sporthalle Deutweg,3200,KAD,Kadetten Schaffhausen,Competitive,True,0.2,0.47,0.79,True,1.44,Group,1,1,0.0,False,0.8,Premium Seeker,0.25,1.05,1.0,1.0,3072,119190,37.25,18,32,58,85,Early Surge,0.32,0.87,0.97,0.382,18.5,33,34,False,9,1,8,18,256,1.0,793,0.991,1073,0.958,950,0.928
RTV_2023_R12_WIN,2023-24,12,2023-11-19,16:00,Sunday afternoon,RTV,RTV Basel,Basel,BS,St. Jakobshalle,4200,WIN,TV Winterthur,Competitive,False,0.6,0.6,0.49,True,1.21,Group,1,0,0.05,False,0.61,Value Loyalist,0.25,1.05,1.0,0.944,3850,149315,35.55,18,32,58,85,Flat,0.39,0.71,0.85,0.299,14.4,28,29,False,6,4,10,14,327,0.973,977,0.93,1359,0.924,1187,0.883
WIN_2023_R13_WIN2,2023-24,13,2023-11-22,19:30,Weekday evening,WIN,TV Winterthur,Winterthur,ZH,Eulachpark,2200,WIN2,Pfadi Winterthur,Competitive,False,0.5,0.59,0.2,True,1.53,Group,1,0,0.0,False,0.46,Value Loyalist,0.25,1.05,1.05,0.694,1480,57679,26.22,18,32,58,85,Consistent Gradual,0.23,0.64,0.85,0.062,3.0,23,27,False,4,8,14,9,129,0.733,380,0.691,514,0.668,457,0.649
LUZ_2023_R13_BSV,2023-24,13,2023-11-25,19:30,Saturday evening,LUZ,STV Willisau,Willisau,LU,Dreifachhalle Willisau,1800,BSV,BSV Bern,Elite,False,0.4,0.55,0.48,True,1.15,Group,1,1,0.12,False,0.39,Occasional Neutral,0.36,1.05,1.05,0.825,1446,56045,31.14,18,32,58,85,Early Surge,0.31,0.85,0.97,0.307,14.8,24,23,True,2,3,16,15,123,0.854,361,0.802,524,0.832,438,0.76
HSC_2023_R13_THU,2023-24,13,2023-11-25,19:30,Saturday evening,HSC,HSC Suhr Aarau,Aarau,AG,Swiss Arena Bubble,2600,THU,TSV Oftringen,Standard,False,0.6,0.44,0.6,True,0.65,Group,1,0,0.0,False,0.35,Atmosphere Seeker,0.15,1.05,1.05,0.696,1752,67602,26.0,18,32,58,85,Flat,0.39,0.7,0.87,0.153,7.4,28,18,True,6,4,12,15,150,0.721,439,0.675,604,0.664,559,0.672
KAD_2023_R13_THG,2023-24,13,2023-11-25,19:30,Saturday evening,KAD,Kadetten Schaffhausen,Schaffhausen,SH,Kammgarnhalle,2800,THG,Handball Thurgau,Standard,False,0.4,0.83,0.45,False,0.0,Group,1,0,0.0,False,0.72,Atmosphere Seeker,0.0,1.05,1.05,0.668,1819,70171,25.06,18,32,58,85,Flat,0.37,0.72,0.87,0.0,0.0,30,31,False,1,7,18,11,157,0.701,454,0.649,625,0.638,583,0.651
GC_2023_R13_RTV,2023-24,13,2023-11-25,19:30,Saturday evening,GC,Grasshopper Club Zürich,Zürich,ZH,Sporthalle Deutweg,3200,RTV,RTV Basel,Elite,True,0.4,0.38,0.48,True,2.56,Group,1,0,0.0,False,0.38,Premium Seeker,0.36,1.05,1.05,1.0,3126,120211,37.57,18,32,58,85,Early Surge,0.33,0.86,0.97,0.479,23.1,32,31,True,9,8,10,10,249,0.973,800,1.0,1090,0.973,987,0.964
BSV_2023_R14_HSC,2023-24,14,2023-12-02,19:30,Saturday evening,BSV,BSV Bern,Bern,BE,PostFinance Arena (Handball Hall),3800,HSC,HSC Suhr Aarau,Competitive,True,0.4,0.38,0.55,True,1.91,Group,1,2,0.0,False,0.35,Premium Seeker,0.25,1.05,1.05,1.0,3711,142738,37.56,18,32,58,85,Early Surge,0.32,0.85,0.95,0.391,18.9,26,25,True,2,6,17,12,304,1.0,935,0.984,1298,0.976,1174,0.965
LUZ_2023_R14_WIN,2023-24,14,2023-12-02,17:00,Saturday afternoon,LUZ,STV Willisau,Willisau,LU,Dreifachhalle Willisau,1800,WIN,TV Winterthur,Competitive,False,0.2,0.64,0.47,True,0.78,Group,1,2,0.0,False,0.16,Occasional Neutral,0.25,1.05,1.05,0.653,1165,45102,25.06,18,32,58,85,Consistent Gradual,0.24,0.64,0.84,0.126,6.1,24,25,False,4,3,16,16,98,0.681,296,0.658,409,0.649,362,0.628
THU_2023_R14_KAD,2023-24,14,2023-12-02,19:30,Saturday evening,THU,TSV Oftringen,Oftringen,AG,Athletik Zentrum Oftringen,1600,KAD,Kadetten Schaffhausen,Competitive,False,0.4,0.48,0.66,True,0.23,Group,1,1,0.0,False,0.26,Occasional Neutral,0.25,1.05,1.05,0.674,1057,41106,25.69,18,32,58,85,Consistent Gradual,0.22,0.65,0.84,0.136,6.6,23,24,False,5,1,15,20,90,0.703,270,0.675,375,0.67,322,0.629
WIN2_2023_R14_GC,2023-24,14,2023-12-02,17:00,Saturday afternoon,WIN2,Pfadi Winterthur,Winterthur,ZH,Sportpark Deutweg,2000,GC,Grasshopper Club Zürich,Elite,True,0.4,0.36,0.5,True,2.6,Group,1,2,0.0,False,0.18,Value Loyalist,0.36,1.05,1.05,1.0,1936,74814,37.41,18,32,58,85,Early Surge,0.33,0.84,0.97,0.485,23.4,27,26,True,7,10,11,10,158,0.988,500,1.0,670,0.957,608,0.95
THG_2023_R14_RTV,2023-24,14,2023-12-02,19:30,Saturday evening,THG,Handball Thurgau,Kreuzlingen,TG,Bodenseearena,1500,RTV,RTV Basel,Elite,False,0.0,0.56,0.38,True,0.91,Group,1,1,0.05,False,0.52,Occasional Neutral,0.36,1.05,1.05,0.739,1089,42322,28.21,18,32,58,85,Flat,0.37,0.68,0.87,0.301,14.5,32,33,False,9,6,11,12,94,0.783,280,0.747,373,0.71,342,0.713
WIN_2023_R15_BSV,2023-24,15,2023-12-09,17:00,Saturday afternoon,WIN,TV Winterthur,Winterthur,ZH,Eulachpark,2200,BSV,BSV Bern,Elite,False,0.8,0.58,0.51,True,2.03,Playoff,2,2,0.0,False,0.6,Value Loyalist,0.5,1.05,1.05,1.0,2146,82761,37.62,18,32,58,85,Early Surge,0.34,0.85,0.96,0.441,21.3,23,27,False,3,2,16,19,173,0.983,550,1.0,753,0.978,670,0.952
KAD_2023_R15_HSC,2023-24,15,2023-12-09,19:30,Saturday evening,KAD,Kadetten Schaffhausen,Schaffhausen,SH,Kammgarnhalle,2800,HSC,HSC Suhr Aarau,Competitive,False,0.2,0.73,0.44,True,0.88,Playoff,2,1,0.0,False,0.48,Atmosphere Seeker,0.39,1.05,1.05,1.0,2723,105630,37.73,18,32,58,85,Late Surge,0.03,0.3,0.66,0.306,14.8,29,27,True,1,7,22,12,224,1.0,700,1.0,972,0.993,827,0.923
GC_2023_R15_LUZ,2023-24,15,2023-12-09,19:30,Saturday evening,GC,Grasshopper Club Zürich,Zürich,ZH,Sporthalle Deutweg,3200,LUZ,STV Willisau,Standard,False,0.8,0.4,0.51,True,1.85,Group,1,1,0.0,False,0.65,Premium Seeker,0.15,1.05,1.05,0.821,2581,100487,31.4,18,32,58,85,Flat,0.37,0.69,0.86,0.232,11.2,28,29,False,10,3,10,18,223,0.871,665,0.831,892,0.796,801,0.782
RTV_2023_R15_THU,2023-24,15,2023-12-09,19:30,Saturday evening,RTV,RTV Basel,Basel,BS,St. Jakobshalle,4200,THU,TSV Oftringen,Standard,False,0.4,0.5,0.39,True,1.34,Group,1,3,0.0,False,0.39,Value Loyalist,0.15,1.05,1.05,0.729,2970,115956,27.61,18,32,58,85,Flat,0.38,0.72,0.85,0.132,6.3,25,30,False,6,4,12,17,264,0.786,759,0.723,1032,0.702,915,0.681
THG_2023_R15_WIN2,2023-24,15,2023-12-09,19:30,Saturday evening,THG,Handball Thurgau,Kreuzlingen,TG,Bodenseearena,1500,WIN2,Pfadi Winterthur,Competitive,True,0.3,0.45,0.49,True,0.75,Group,1,2,0.0,False,0.59,Occasional Neutral,0.25,1.05,1.05,0.675,1012,39162,26.11,18,32,58,85,Consistent Gradual,0.23,0.64,0.85,0.215,10.4,35,19,True,6,9,13,11,86,0.717,255,0.68,356,0.678,315,0.656
BSV_2023_R16_KAD,2023-24,16,2023-12-16,17:00,Saturday afternoon,BSV,BSV Bern,Bern,BE,PostFinance Arena (Handball Hall),3800,KAD,Kadetten Schaffhausen,Competitive,False,0.2,0.61,0.79,True,1.48,Playoff,2,2,0.0,False,0.45,Premium Seeker,0.39,1.05,1.15,1.0,3715,143422,37.74,18,32,58,85,Late Surge,0.03,0.32,0.69,0.296,14.3,24,25,False,2,1,19,24,304,1.0,944,0.994,1316,0.989,1151,0.947
WIN_2023_R16_GC,2023-24,16,2023-12-16,19:30,Saturday evening,WIN,TV Winterthur,Winterthur,ZH,Eulachpark,2200,GC,Grasshopper Club Zürich,Elite,True,0.8,0.46,0.32,True,2.63,Group,1,2,0.0,False,0.31,Value Loyalist,0.36,1.05,1.15,1.0,2122,82432,37.47,18,32,58,85,Early Surge,0.32,0.87,0.96,0.458,22.1,28,23,True,3,10,18,10,176,1.0,550,1.0,746,0.969,650,0.923
HSC_2023_R16_RTV,2023-24,16,2023-12-16,19:30,Saturday evening,HSC,HSC Suhr Aarau,Aarau,AG,Swiss Arena Bubble,2600,RTV,RTV Basel,Elite,False,0.4,0.35,0.4,True,1.99,Group,1,1,0.0,False,0.45,Atmosphere Seeker,0.36,1.05,1.15,1.0,2524,97448,37.48,18,32,58,85,Early Surge,0.32,0.85,0.98,0.419,20.2,31,25,True,6,8,14,12,208,1.0,644,0.991,880,0.968,792,0.952
LUZ_2023_R16_THG,2023-24,16,2023-12-16,19:30,Saturday evening,LUZ,STV Willisau,Willisau,LU,Dreifachhalle Willisau,1800,THG,Handball Thurgau,Standard,False,0.3,0.61,0.56,False,0.0,Group,1,3,0.0,False,0.62,Occasional Neutral,0.0,1.05,1.15,0.481,838,32647,18.14,18,32,58,85,Flat,0.38,0.69,0.87,0.039,1.9,28,26,True,2,7,20,13,73,0.507,216,0.48,288,0.457,261,0.453
THU_2023_R16_WIN2,2023-24,16,2023-12-16,19:30,Saturday evening,THU,TSV Oftringen,Oftringen,AG,Athletik Zentrum Oftringen,1600,WIN2,Pfadi Winterthur,Competitive,False,0.5,0.51,0.39,True,0.75,Group,1,1,0.0,False,0.27,Occasional Neutral,0.25,1.05,1.15,0.716,1127,43733,27.33,18,32,58,85,Consistent Gradual,0.22,0.64,0.86,0.107,5.2,31,32,False,5,7,17,13,95,0.742,286,0.715,403,0.72,343,0.67
GC_2023_R17_BSV,2023-24,17,2023-12-23,19:30,Saturday evening,GC,Grasshopper Club Zürich,Zürich,ZH,Sporthalle Deutweg,3200,BSV,BSV Bern,Elite,False,0.4,0.26,0.48,True,1.61,Group,1,2,0.08,True,0.76,Premium Seeker,0.36,1.05,1.15,1.0,3113,120186,37.56,18,32,58,85,Early Surge,0.32,0.86,0.96,0.423,20.4,31,30,True,10,3,12,19,254,0.992,800,1.0,1081,0.965,978,0.955
RTV_2023_R17_KAD,2023-24,17,2023-12-23,19:30,Saturday evening,RTV,RTV Basel,Basel,BS,St. Jakobshalle,4200,KAD,Kadetten Schaffhausen,Competitive,False,0.3,0.32,0.83,True,1.57,Group,1,1,0.05,True,0.46,Value Loyalist,0.25,1.05,1.15,1.0,4130,157722,37.55,18,32,58,85,Flat,0.37,0.68,0.84,0.27,13.0,31,32,False,9,1,12,26,326,0.97,1024,0.975,1470,1.0,1310,0.975
THG_2023_R17_WIN,2023-24,17,2023-12-23,17:00,Saturday afternoon,THG,Handball Thurgau,Kreuzlingen,TG,Bodenseearena,1500,WIN,TV Winterthur,Competitive,True,0.4,0.45,0.57,True,0.78,Group,1,1,0.0,True,0.57,Occasional Neutral,0.25,1.05,1.15,0.833,1214,47344,31.56,18,32,58,85,Early Surge,0.32,0.84,0.96,0.323,15.6,31,25,True,6,4,15,18,106,0.883,311,0.829,425,0.81,372,0.775
THU_2023_R17_LUZ,2023-24,17,2023-12-23,19:30,Saturday evening,THU,TSV Oftringen,Oftringen,AG,Athletik Zentrum Oftringen,1600,LUZ,STV Willisau,Standard,True,0.5,0.41,0.69,False,0.0,Group,1,3,0.12,True,0.34,Occasional Neutral,0.0,1.05,1.15,0.528,826,32162,20.1,18,32,58,85,Flat,0.37,0.72,0.84,0.131,6.3,22,27,False,5,2,17,22,72,0.562,212,0.53,285,0.509,257,0.502
WIN2_2023_R17_HSC,2023-24,17,2023-12-24,16:00,Sunday afternoon,WIN2,Pfadi Winterthur,Winterthur,ZH,Sportpark Deutweg,2000,HSC,HSC Suhr Aarau,Competitive,False,0.6,0.51,0.48,True,1.4,Group,1,2,0.0,True,0.18,Value Loyalist,0.25,1.05,1.15,0.865,1700,66082,33.04,18,32,58,85,Flat,0.39,0.68,0.87,0.196,9.5,30,31,False,8,6,13,16,146,0.912,429,0.858,610,0.871,515,0.805
GC_2023_R18_THG,2023-24,18,2023-12-27,19:30,Weekday evening,GC,Grasshopper Club Zürich,Zürich,ZH,Sporthalle Deutweg,3200,THG,Handball Thurgau,Standard,False,0.6,0.41,0.56,True,1.85,Group,1,1,0.08,True,0.5,Premium Seeker,0.15,1.05,1.15,0.752,2355,92178,28.81,18,32,58,85,Flat,0.38,0.7,0.86,0.173,8.3,27,28,False,10,6,12,17,208,0.812,610,0.762,818,0.73,719,0.702
KAD_2023_R18_WIN2,2023-24,18,2023-12-30,17:00,Saturday afternoon,KAD,Kadetten Schaffhausen,Schaffhausen,SH,Kammgarnhalle,2800,WIN2,Pfadi Winterthur,Competitive,False,0.0,0.86,0.41,True,0.98,Playoff,2,2,0.05,True,0.59,Atmosphere Seeker,0.39,1.05,1.15,1.0,2745,105844,37.8,18,32,58,85,Late Surge,0.03,0.31,0.65,0.306,14.8,26,25,True,1,8,28,13,224,1.0,693,0.99,979,1.0,849,0.948
WIN_2023_R18_THU,2023-24,18,2023-12-30,19:30,Saturday evening,WIN,TV Winterthur,Winterthur,ZH,Eulachpark,2200,THU,TSV Oftringen,Standard,False,0.2,0.46,0.33,True,0.78,Group,1,2,0.0,True,0.32,Value Loyalist,0.15,1.05,1.15,0.749,1605,62574,28.44,18,32,58,85,Flat,0.37,0.71,0.87,0.082,4.0,19,24,False,5,4,18,19,138,0.784,416,0.756,557,0.723,494,0.702
HSC_2023_R18_LUZ,2023-24,18,2023-12-30,19:30,Saturday evening,HSC,HSC Suhr Aarau,Aarau,AG,Swiss Arena Bubble,2600,LUZ,STV Willisau,Standard,True,0.4,0.59,0.75,False,0.0,Group,1,1,0.0,True,0.65,Atmosphere Seeker,0.0,1.05,1.15,0.851,2197,85082,32.72,18,32,58,85,Early Surge,0.33,0.85,0.97,0.247,11.9,27,26,True,6,2,18,22,184,0.885,560,0.862,772,0.849,681,0.819
BSV_2023_R18_RTV,2023-24,18,2023-12-31,16:00,Sunday afternoon,BSV,BSV Bern,Bern,BE,PostFinance Arena (Handball Hall),3800,RTV,RTV Basel,Elite,True,0.9,0.39,0.26,True,2.6,Playoff,2,2,0.0,True,0.29,Premium Seeker,0.5,1.05,1.15,1.0,3705,143301,37.71,18,32,58,85,Early Surge,0.32,0.87,0.95,0.473,22.8,25,24,True,3,9,21,12,301,0.99,947,0.997,1326,0.997,1131,0.93
